SampleId	ClusterId	ChainId	SvId	Type	ResolvedType	IsSynthetic	ChrStart	ChrEnd	PosStart	PosEnd	OrientStart	OrientEnd	InfoStart	InfoEnd	JunctionCopyNumber	InDoubleMinute
CHP212	244	1	0	INS	INS	false	1	1	821604	821605	1	-1	NORMAL	NORMAL	0.3210	false
CHP212	245	1	7	INS	INS	false	1	1	6957533	6957534	1	-1	NORMAL	NORMAL	0.3840	false
CHP212	246	1	11	DEL	DEL	false	1	1	14819495	14819508	1	-1	NORMAL	NORMAL	0.4514	false
CHP212	122	1	13	INF	PAIR_INF	false	1	-1	16848001	0	-1	0	NORMAL		1.3600	false
CHP212	108	1	16	INF	PAIR_INF	false	1	-1	17236000	0	1	0	NORMAL		1.3900	false
CHP212	247	1	20	SGL	LINE	false	1	-1	18376132	0	-1	0	NORMAL		0.0635	false
CHP212	248	1	54	INS	INS	false	1	1	65827847	65827848	1	-1	NORMAL	NORMAL	0.6020	false
CHP212	249	1	88	INS	INS	false	1	1	146826181	146826182	1	-1	NORMAL	NORMAL	1.6000	false
CHP212	250	1	93	INS	INS	false	1	1	150360851	150360852	1	-1	NORMAL	NORMAL	0.4770	false
CHP212	251	1	101	SGL	SGL_PAIR_INS	false	1	-1	154686434	0	-1	0	NORMAL		0.9351	false
CHP212	251	2	102	INF	SGL_PAIR_INS	false	1	-1	154686434	0	1	0	NORMAL		0.9110	false
CHP212	252	1	116	DEL	DEL	false	1	1	163781711	163781746	1	-1	NORMAL	NORMAL	1.6135	false
CHP212	253	2	126	SGL	SGL_PAIR_INS	false	1	-1	168379699	0	1	0	NORMAL		0.9062	false
CHP212	253	1	127	INF	SGL_PAIR_INS	false	1	-1	168379699	0	-1	0	NORMAL		1.0300	false
CHP212	134	1	129	SGL	LOW_VAF	false	1	-1	169058972	0	1	0	NORMAL		0.1635	false
CHP212	254	1	138	SGL	LINE	false	1	-1	173363280	0	-1	0	NORMAL		1.3534	false
CHP212	254	2	139	SGL	LINE	false	1	-1	173363294	0	1	0	NORMAL		1.7091	false
CHP212	255	1	161	DUP	DUP	false	1	1	186342634	186342677	-1	1	NORMAL	NORMAL	0.3254	false
CHP212	256	1	177	SGL	SGL	false	1	-1	194041670	0	-1	0	NORMAL		0.5878	false
CHP212	37	1	178	INV	LOW_VAF	false	1	1	194041680	194041713	1	1	NORMAL	NORMAL	0.4452	false
CHP212	257	1	182	SGL	LINE	false	1	-1	194827219	0	-1	0	NORMAL		1.7281	false
CHP212	257	2	183	SGL	LINE	false	1	-1	194827225	0	1	0	NORMAL		1.1014	false
CHP212	274	13	193	INF	COMPLEX	false	1	-1	200052869	0	1	0	NORMAL		0.9630	false
CHP212	259	1	200	INS	INS	false	1	1	205034852	205034853	1	-1	NORMAL	NORMAL	1.1000	false
CHP212	260	1	225	DEL	DEL	false	1	1	216968270	217154518	1	-1	NORMAL	NORMAL	1.0841	false
CHP212	261	1	250	SGL	LINE	false	1	-1	228959923	0	-1	0	NORMAL		0.9898	false
CHP212	261	2	251	SGL	LINE	false	1	-1	228959928	0	1	0	NORMAL		1.0313	false
CHP212	262	1	282	INV	INV	false	1	1	238196383	238196619	1	1	FOLDBACK	FOLDBACK	0.0942	false
CHP212	263	1	288	SGL	LINE	false	1	-1	241908610	0	-1	0	NORMAL		1.1800	false
CHP212	263	2	289	SGL	LINE	false	1	-1	241908614	0	1	0	NORMAL		1.1610	false
CHP212	264	1	300	INS	INS	false	1	1	245480135	245480136	1	-1	NORMAL	NORMAL	1.3900	false
CHP212	265	1	306	DUP	DUP	false	1	1	246873694	246873744	-1	1	NORMAL	NORMAL	1.3066	false
CHP212	266	1	308	INS	INS	false	1	1	246977385	246977386	1	-1	NORMAL	NORMAL	0.5210	false
CHP212	267	1	311	INS	INS	false	1	1	247361904	247361905	1	-1	NORMAL	NORMAL	0.8990	false
CHP212	268	1	322	DEL	DEL	false	2	2	260944	263133	1	-1	NORMAL	NORMAL	0.9794	false
CHP212	269	1	323	DUP	DUP	false	2	2	1146936	1147009	-1	1	NORMAL	NORMAL	1.0865	false
CHP212	274	3	329	INV	COMPLEX	false	2	2	2406944	2406984	1	1	NORMAL	NORMAL	5.1652	false
CHP212	274	3	351	DUP	COMPLEX	false	2	2	3393721	8117957	-1	1	NORMAL	NORMAL	5.1993	false
CHP212	274	7	367	SGL	COMPLEX	false	2	-1	11785629	0	-1	0	NORMAL		2.8183	false
CHP212	274	7	369	DEL	COMPLEX	false	2	2	11893780	11893857	1	-1	NORMAL	NORMAL	3.0952	false
CHP212	277	1	370	SGL	SGL_PAIR_INS	false	2	-1	11913062	0	1	0	NORMAL		3.0805	false
CHP212	277	2	371	SGL	SGL_PAIR_INS	false	2	-1	11913063	0	-1	0	NORMAL		1.9608	false
CHP212	279	1	378	INS	INS	false	2	2	12087883	12087884	1	-1	NORMAL	NORMAL	3.3100	false
CHP212	131	1	379	INV	LOW_VAF	false	2	2	12092717	12092752	-1	-1	NORMAL	NORMAL	1.9353	false
CHP212	274	6	380	SGL	COMPLEX	false	2	-1	12139317	0	-1	0	NORMAL		4.2582	false
CHP212	274	10	382	SGL	COMPLEX	false	2	-1	12190209	0	1	0	NORMAL		2.0350	false
CHP212	274	6	390	INV	COMPLEX	false	2	2	11893437	12301835	1	1	NORMAL	NORMAL	0.5891	false
CHP212	282	1	393	DEL	DEL	false	2	2	12313413	12313468	1	-1	NORMAL	NORMAL	3.0940	false
CHP212	73	1	399	INV	LOW_VAF	false	2	2	12425768	12425793	-1	-1	NORMAL	NORMAL	0.8688	false
CHP212	274	6	400	DEL	COMPLEX	false	2	2	12473000	12473045	1	-1	NORMAL	NORMAL	4.2413	false
CHP212	274	7	401	SGL	COMPLEX	false	2	-1	12473295	0	1	0	NORMAL		2.9043	false
CHP212	36	1	403	INV	LOW_VAF	false	2	2	12515991	12516040	1	1	NORMAL	NORMAL	1.1415	false
CHP212	274	2	404	DUP	COMPLEX	false	2	2	11692078	12599788	-1	1	NORMAL	NORMAL	114.8655	false
CHP212	274	6	404	DUP	COMPLEX	false	2	2	11692078	12599788	-1	1	NORMAL	NORMAL	114.8655	false
CHP212	274	8	404	DUP	COMPLEX	false	2	2	11692078	12599788	-1	1	NORMAL	NORMAL	114.8655	true
CHP212	274	10	404	DUP	COMPLEX	false	2	2	11692078	12599788	-1	1	NORMAL	NORMAL	114.8655	false
CHP212	274	3	406	SGL	COMPLEX	false	2	-1	12665281	0	-1	0	NORMAL		6.3343	false
CHP212	274	9	407	SGL	COMPLEX	false	2	-1	12668280	0	-1	0	NORMAL		0.1372	false
CHP212	274	12	408	SGL	COMPLEX	false	2	-1	12668290	0	1	0	NORMAL		2.0313	false
CHP212	285	1	412	DEL	DEL	false	2	2	12755045	12755218	1	-1	NORMAL	NORMAL	3.5892	false
CHP212	274	2	413	DUP	COMPLEX	false	2	2	11926211	12762608	-1	1	NORMAL	NORMAL	106.1221	false
CHP212	274	8	413	DUP	COMPLEX	false	2	2	11926211	12762608	-1	1	NORMAL	NORMAL	106.1221	true
CHP212	274	2	414	DEL	COMPLEX	false	2	2	11925371	12762862	1	-1	NORMAL	NORMAL	89.7851	false
CHP212	274	8	414	DEL	COMPLEX	false	2	2	11925371	12762862	1	-1	NORMAL	NORMAL	89.7851	true
CHP212	286	1	415	DEL	DEL	false	2	2	12782388	12783202	1	-1	NORMAL	NORMAL	1.3272	false
CHP212	274	1	421	BND	COMPLEX	false	1	2	200052869	12879613	-1	-1	NORMAL	NORMAL	1.1114	false
CHP212	274	3	422	INV	COMPLEX	false	2	2	2406948	13787343	-1	-1	NORMAL	NORMAL	5.7192	false
CHP212	274	3	423	INV	COMPLEX	false	2	2	3424107	13852990	1	1	NORMAL	NORMAL	5.5730	false
CHP212	274	2	426	INV	COMPLEX	false	2	2	12898085	15061333	1	1	NORMAL	NORMAL	120.8282	false
CHP212	274	8	426	INV	COMPLEX	false	2	2	12898085	15061333	1	1	NORMAL	NORMAL	120.8282	true
CHP212	274	2	428	INV	COMPLEX	false	2	2	15061179	15722900	-1	-1	NORMAL	NORMAL	115.7121	false
CHP212	274	8	428	INV	COMPLEX	false	2	2	15061179	15722900	-1	-1	NORMAL	NORMAL	115.7121	true
CHP212	274	1	430	DEL	COMPLEX	false	2	2	15717548	15817718	1	-1	NORMAL	NORMAL	0.6950	false
CHP212	274	1	431	INV	COMPLEX	false	2	2	15817722	15817866	1	1	NORMAL	NORMAL	0.7730	false
CHP212	274	5	432	SGL	COMPLEX	false	2	-1	15821222	0	1	0	NORMAL		29.3707	false
CHP212	292	1	435	DUP	DUP	false	2	2	15931114	15931140	-1	1	NORMAL	NORMAL	34.8363	false
CHP212	274	3	436	INV	COMPLEX	false	2	2	2295975	15952492	-1	-1	NORMAL	NORMAL	5.6518	false
CHP212	274	9	437	SGL	COMPLEX	false	2	-1	16000197	0	1	0	NORMAL		4.7385	false
CHP212	274	0	438	SGL	COMPLEX	false	2	-1	16002393	0	-1	0	NORMAL		0.9861	false
CHP212	295	1	440	DEL	DEL	false	2	2	16035600	16035636	1	-1	NORMAL	NORMAL	4.8008	false
CHP212	296	1	441	DEL	DEL	false	2	2	16041368	16041437	1	-1	NORMAL	NORMAL	3.3523	false
CHP212	274	0	444	SGL	COMPLEX	false	2	-1	16118933	0	-1	0	NORMAL		2.2652	false
CHP212	274	0	447	INV	COMPLEX	false	2	2	15966656	16151393	1	1	NORMAL	NORMAL	1.1645	false
CHP212	274	4	448	DEL	COMPLEX	false	2	2	16153712	16153783	1	-1	NORMAL	NORMAL	2.9494	false
CHP212	274	0	449	INV	COMPLEX	false	2	2	15698814	16167620	-1	-1	NORMAL	NORMAL	1.4875	false
CHP212	274	2	452	DUP	COMPLEX	false	2	2	12602641	16212599	-1	1	NORMAL	NORMAL	113.6230	false
CHP212	274	8	452	DUP	COMPLEX	false	2	2	12602641	16212599	-1	1	NORMAL	NORMAL	113.6230	true
CHP212	274	0	456	INV	COMPLEX	false	2	2	16233144	16346980	1	1	NORMAL	NORMAL	0.5646	false
CHP212	274	0	457	DEL	COMPLEX	false	2	2	16117834	16383107	1	-1	NORMAL	NORMAL	0.4381	false
CHP212	274	0	458	DUP	COMPLEX	false	2	2	15966858	16400239	-1	1	NORMAL	NORMAL	0.8414	false
CHP212	274	0	459	DUP	COMPLEX	false	2	2	16151687	16400299	-1	1	NORMAL	NORMAL	0.4211	false
CHP212	274	0	460	INV	COMPLEX	false	2	2	16400243	16400301	-1	-1	NORMAL	NORMAL	0.4736	false
CHP212	274	0	464	DUP	COMPLEX	false	2	2	15919164	16419315	-1	1	NORMAL	NORMAL	0.2386	false
CHP212	274	0	465	INV	COMPLEX	false	2	2	16249078	16438002	1	1	NORMAL	NORMAL	0.9030	false
CHP212	274	4	466	DUP	COMPLEX	false	2	2	15584828	16439335	-1	1	NORMAL	NORMAL	3.2601	false
CHP212	274	3	467	DUP	COMPLEX	false	2	2	8117845	16502813	-1	1	NORMAL	NORMAL	5.5503	false
CHP212	300	1	469	INF	INF	false	2	-1	18043000	0	1	0	NORMAL		0.1190	false
CHP212	301	1	474	INS	INS	false	2	2	20916622	20916623	1	-1	NORMAL	NORMAL	0.8760	false
CHP212	25	1	478	INF	PAIR_INF	false	2	-1	22049000	0	1	0	NORMAL		0.1880	false
CHP212	96	1	479	INF	PAIR_INF	false	2	-1	22592001	0	-1	0	NORMAL		0.1310	false
CHP212	302	1	484	INF	INF	false	2	-1	24681001	0	-1	0	NORMAL		0.1020	false
CHP212	303	1	486	INF	PAIR_OTHER	false	2	-1	25492001	0	-1	0	NORMAL		0.0300	false
CHP212	113	1	492	INF	PAIR_INF	false	2	-1	27138001	0	-1	0	NORMAL		0.1000	false
CHP212	154	1	494	INF	PAIR_INF	false	2	-1	27691000	0	1	0	NORMAL		0.0480	false
CHP212	303	2	497	INF	PAIR_OTHER	false	2	-1	28983000	0	1	0	NORMAL		0.0690	false
CHP212	305	1	498	INF	INF	false	2	-1	29241000	0	1	0	NORMAL		0.0630	false
CHP212	127	1	506	INF	PAIR_INF	false	2	-1	34001000	0	1	0	NORMAL		0.0047	false
CHP212	146	1	508	INF	PAIR_INF	false	2	-1	34148001	0	-1	0	NORMAL		0.0038	false
CHP212	306	1	516	INS	INS	false	2	2	35042724	35042725	1	-1	NORMAL	NORMAL	0.3880	false
CHP212	105	1	531	INF	PAIR_INF	false	2	-1	52930000	0	1	0	NORMAL		0.1430	false
CHP212	50	1	532	INF	PAIR_INF	false	2	-1	53315001	0	-1	0	NORMAL		0.1620	false
CHP212	307	1	539	DEL	DEL	false	2	2	57094282	57094322	1	-1	NORMAL	NORMAL	0.6574	false
CHP212	102	1	541	SGL	LOW_VAF	false	2	-1	57456190	0	-1	0	NORMAL		0.1468	false
CHP212	136	1	566	INF	PAIR_INF	false	2	-1	82194000	0	1	0	NORMAL		0.1150	false
CHP212	119	1	567	INF	PAIR_INF	false	2	-1	83478001	0	-1	0	NORMAL		0.1280	false
CHP212	308	1	607	INV	INV	false	2	2	120102563	120102678	-1	-1	FOLDBACK	FOLDBACK	0.0349	false
CHP212	309	1	620	INS	INS	false	2	2	124733389	124733390	1	-1	NORMAL	NORMAL	0.8450	false
CHP212	162	2	631	INF	PAIR_OTHER	false	2	-1	128806664	0	1	0	NORMAL		0.8300	false
CHP212	310	1	632	INS	INS	false	2	2	129062149	129062150	1	-1	NORMAL	NORMAL	0.5550	false
CHP212	311	1	660	SGL	LINE	false	2	-1	158510363	0	-1	0	NORMAL		0.6730	false
CHP212	311	2	661	SGL	LINE	false	2	-1	158510371	0	1	0	NORMAL		0.4692	false
CHP212	312	1	679	SGL	SGL_PAIR_INS	false	2	-1	169312016	0	-1	0	NORMAL		1.3506	false
CHP212	312	2	680	INF	SGL_PAIR_INS	false	2	-1	169312016	0	1	0	NORMAL		1.3200	false
CHP212	124	1	683	INF	PAIR_INF	false	2	-1	170239001	0	-1	0	NORMAL		0.0520	false
CHP212	8	1	686	INF	PAIR_INF	false	2	-1	170999000	0	1	0	NORMAL		0.0450	false
CHP212	313	1	691	INS	INS	false	2	2	174502923	174502924	1	-1	NORMAL	NORMAL	0.6050	false
CHP212	314	0	718	INV	DUP	true	2	2	195531183	195531202	-1	-1	NORMAL	NORMAL	0.3657	false
CHP212	314	0	719	DUP	DUP	true	2	2	195531181	195531237	-1	1	NORMAL	NORMAL	0.3537	false
CHP212	314	0	720	INV	DUP	true	2	2	195531211	195531239	1	1	NORMAL	NORMAL	0.2997	false
CHP212	315	1	751	SGL	LINE	false	2	-1	218180765	0	-1	0	NORMAL		0.9581	false
CHP212	315	2	752	SGL	LINE	false	2	-1	218180772	0	1	0	NORMAL		1.1072	false
CHP212	316	1	770	INF	INF	false	2	-1	235354001	0	-1	0	NORMAL		0.0043	false
CHP212	317	1	772	INF	INF	false	2	-1	235616001	0	-1	0	NORMAL		0.0510	false
CHP212	318	1	786	INS	INS	false	2	2	242821375	242821376	1	-1	NORMAL	NORMAL	0.8590	false
CHP212	319	1	804	INS	INS	false	3	3	12468710	12468711	1	-1	NORMAL	NORMAL	0.4530	false
CHP212	320	1	810	INF	INF	false	3	-1	17221000	0	1	0	NORMAL		0.0970	false
CHP212	321	1	812	INF	INF	false	3	-1	17781000	0	1	0	NORMAL		0.0450	false
CHP212	322	1	817	DEL	DEL	false	3	3	23327663	23330823	1	-1	NORMAL	NORMAL	0.9959	false
CHP212	323	1	819	INS	INS	false	3	3	25147752	25147753	1	-1	NORMAL	NORMAL	0.5140	false
CHP212	324	2	831	SGL	SGL_PAIR_INS	false	3	-1	32987128	0	1	0	NORMAL		1.2361	false
CHP212	324	1	832	INF	SGL_PAIR_INS	false	3	-1	32987128	0	-1	0	NORMAL		1.1800	false
CHP212	325	0	843	SGL	SGL_PAIR_INS	false	3	-1	37750143	0	1	0	NORMAL		1.7937	false
CHP212	325	0	844	INF	SGL_PAIR_INS	false	3	-1	37750143	0	-1	0	NORMAL		1.8100	false
CHP212	326	1	852	INS	INS	false	3	3	44156175	44156176	1	-1	NORMAL	NORMAL	0.9300	false
CHP212	327	1	890	INS	INS	false	3	3	74080705	74080706	1	-1	NORMAL	NORMAL	0.4980	false
CHP212	328	1	907	INS	INS	false	3	3	83557950	83557951	1	-1	NORMAL	NORMAL	0.6170	false
CHP212	329	1	917	INS	INS	false	3	3	87037864	87037865	1	-1	NORMAL	NORMAL	1.2100	false
CHP212	330	1	943	INS	INS	false	3	3	101817044	101817045	1	-1	NORMAL	NORMAL	0.8590	false
CHP212	331	2	945	SGL	SGL_PAIR_INS	false	3	-1	102548366	0	1	0	NORMAL		0.8782	false
CHP212	331	1	946	INF	SGL_PAIR_INS	false	3	-1	102548366	0	-1	0	NORMAL		0.4690	false
CHP212	332	0	947	SGL	SGL_PAIR_INS	false	3	-1	103120899	0	-1	0	NORMAL		2.1226	false
CHP212	332	0	948	INF	SGL_PAIR_INS	false	3	-1	103120899	0	1	0	NORMAL		2.0600	false
CHP212	333	1	954	DEL	DEL	false	3	3	107037949	107040333	1	-1	NORMAL	NORMAL	0.7301	false
CHP212	334	0	964	INV	RECIP_INV_DUPS	false	3	3	115878632	115879866	-1	-1	NORMAL	NORMAL	0.9007	false
CHP212	334	0	965	INV	RECIP_INV_DUPS	false	3	3	115879644	115955432	1	1	NORMAL	NORMAL	0.8003	false
CHP212	335	1	966	DEL	DEL	false	3	3	116100961	116187283	1	-1	NORMAL	NORMAL	0.6179	false
CHP212	336	1	967	INF	INF	false	3	-1	116758001	0	-1	0	NORMAL		0.6300	false
CHP212	337	1	997	INS	INS	false	3	3	133847428	133847429	1	-1	NORMAL	NORMAL	0.3930	false
CHP212	338	1	1000	DEL	DEL	false	3	3	136021013	136026200	1	-1	NORMAL	NORMAL	1.9116	false
CHP212	339	1	1001	INF	INF	false	3	-1	136745001	0	-1	0	NORMAL		0.0210	false
CHP212	340	1	1014	INS	INS	false	3	3	145220368	145220369	1	-1	NORMAL	NORMAL	0.5280	false
CHP212	341	1	1033	INF	INF	false	3	-1	157688000	0	1	0	NORMAL		0.0610	false
CHP212	342	1	1034	INF	INF	false	3	-1	158410000	0	1	0	NORMAL		0.0030	false
CHP212	343	1	1042	DEL	DEL	false	3	3	164323050	164323440	1	-1	NORMAL	NORMAL	0.7891	false
CHP212	344	1	1049	SGL	LINE	false	3	-1	175673932	0	-1	0	NORMAL		0.5330	false
CHP212	344	2	1050	SGL	LINE	false	3	-1	175673940	0	1	0	NORMAL		0.8360	false
CHP212	144	1	1082	INV	LOW_VAF	false	3	3	195148919	195148935	-1	-1	NORMAL	NORMAL	0.0799	false
CHP212	345	1	1091	SGL	SGL	false	4	-1	68711	0	1	0	NORMAL		6.7636	false
CHP212	346	1	1093	INS	INS	false	4	4	888044	888045	1	-1	NORMAL	NORMAL	0.4020	false
CHP212	347	1	1098	INS	INS	false	4	4	3233134	3233135	1	-1	NORMAL	NORMAL	0.4340	false
CHP212	348	1	1104	INS	INS	false	4	4	3611941	3611942	1	-1	NORMAL	NORMAL	0.7470	false
CHP212	151	1	1126	INF	PAIR_INF	false	4	-1	9586000	0	1	0	NORMAL		0.2260	false
CHP212	107	1	1128	INF	PAIR_INF	false	4	-1	10054001	0	-1	0	NORMAL		0.1030	false
CHP212	349	1	1140	INS	INS	false	4	4	14956607	14956608	1	-1	NORMAL	NORMAL	0.6280	false
CHP212	350	1	1150	INS	INS	false	4	4	19401313	19401314	1	-1	NORMAL	NORMAL	0.3430	false
CHP212	351	1	1203	INS	INS	false	4	4	54330655	54330656	1	-1	NORMAL	NORMAL	0.6070	false
CHP212	352	1	1207	SGL	LINE	false	4	-1	57717172	0	-1	0	NORMAL		0.7903	false
CHP212	352	2	1208	SGL	LINE	false	4	-1	57717178	0	1	0	NORMAL		0.7894	false
CHP212	353	1	1225	INF	INF	false	4	-1	70361001	0	-1	0	NORMAL		0.0180	false
CHP212	354	1	1226	INF	INF	false	4	-1	70437001	0	-1	0	NORMAL		0.0730	false
CHP212	355	1	1248	INS	INS	false	4	4	86533527	86533528	1	-1	NORMAL	NORMAL	0.4790	false
CHP212	356	1	1255	INF	INF	false	4	-1	94998001	0	-1	0	NORMAL		0.0280	false
CHP212	357	1	1256	INF	INF	false	4	-1	95275001	0	-1	0	NORMAL		0.0160	false
CHP212	149	1	1259	INF	PAIR_INF	false	4	-1	96503001	0	-1	0	NORMAL		0.0410	false
CHP212	46	1	1260	INF	PAIR_INF	false	4	-1	96654000	0	1	0	NORMAL		0.1010	false
CHP212	358	1	1261	INS	INS	false	4	4	98917743	98917744	1	-1	NORMAL	NORMAL	0.5700	false
CHP212	359	1	1277	INS	INS	false	4	4	110017655	110017656	1	-1	NORMAL	NORMAL	0.4960	false
CHP212	360	1	1328	INS	INS	false	4	4	148985798	148985799	1	-1	NORMAL	NORMAL	0.8150	false
CHP212	361	1	1377	INF	INF	false	4	-1	175746000	0	1	0	NORMAL		0.0500	false
CHP212	362	1	1381	INF	INF	false	4	-1	176126000	0	1	0	NORMAL		0.0140	false
CHP212	363	1	1409	DEL	DEL	false	4	4	190662876	190662889	1	-1	NORMAL	NORMAL	0.7129	false
CHP212	364	1	1429	INS	INS	false	5	5	3274637	3274638	1	-1	NORMAL	NORMAL	0.4910	false
CHP212	365	0	1443	DUP	DEL	true	5	5	11357095	11357172	-1	1	NORMAL	NORMAL	0.7712	false
CHP212	365	0	1444	DEL	DEL	true	5	5	11357164	11357178	1	-1	NORMAL	NORMAL	0.4560	false
CHP212	366	1	1445	INS	INS	false	5	5	12319801	12319802	1	-1	NORMAL	NORMAL	1.1200	false
CHP212	367	1	1448	INS	INS	false	5	5	13449150	13449151	1	-1	NORMAL	NORMAL	0.5840	false
CHP212	368	1	1463	INF	INF	false	5	-1	23596000	0	1	0	NORMAL		0.0037	false
CHP212	369	1	1465	INF	INF	false	5	-1	23935000	0	1	0	NORMAL		0.0045	false
CHP212	370	1	1471	INV	INV	false	5	5	29069314	29069628	1	1	FOLDBACK	FOLDBACK	0.0318	false
CHP212	371	1	1482	DEL	DEL	false	5	5	37147115	37147385	1	-1	NORMAL	NORMAL	0.9385	false
CHP212	372	1	1491	DEL	DEL	false	5	5	40794615	40794979	1	-1	NORMAL	NORMAL	1.8485	false
CHP212	75	1	1495	INF	PAIR_INF	false	5	-1	44676001	0	-1	0	NORMAL		0.0460	false
CHP212	86	1	1497	INF	PAIR_INF	false	5	-1	44942000	0	1	0	NORMAL		0.0350	false
CHP212	10	1	1509	INF	PAIR_INF	false	5	-1	54868001	0	-1	0	NORMAL		0.1980	false
CHP212	65	1	1510	INF	PAIR_INF	false	5	-1	55000000	0	1	0	NORMAL		0.0450	false
CHP212	373	1	1512	SGL	LINE	false	5	-1	55689487	0	-1	0	NORMAL		0.5914	false
CHP212	373	2	1513	SGL	LINE	false	5	-1	55689496	0	1	0	NORMAL		0.7556	false
CHP212	374	1	1522	INF	INF	false	5	-1	61052000	0	1	0	NORMAL		0.0370	false
CHP212	26	1	1523	INF	PAIR_INF	false	5	-1	61943000	0	1	0	NORMAL		0.0190	false
CHP212	28	1	1554	INF	PAIR_INF	false	5	-1	96211001	0	-1	0	NORMAL		0.1120	false
CHP212	375	1	1555	INF	INF	false	5	-1	96417000	0	1	0	NORMAL		0.1810	false
CHP212	30	1	1556	INF	PAIR_INF	false	5	-1	97485000	0	1	0	NORMAL		0.0490	false
CHP212	135	1	1557	INF	PAIR_INF	false	5	-1	97795001	0	-1	0	NORMAL		0.0830	false
CHP212	376	1	1563	DEL	DEL	false	5	5	104432113	104503673	1	-1	NORMAL	NORMAL	0.9719	false
CHP212	88	1	1570	INV	LOW_VAF	false	5	5	109415503	109415550	1	1	NORMAL	NORMAL	0.0538	false
CHP212	9	1	1578	BND	LOW_VAF	false	1	5	214656796	115177670	1	1	NORMAL	NORMAL	0.1509	false
CHP212	377	1	1584	DEL	DEL	false	5	5	119157376	119157475	1	-1	NORMAL	NORMAL	1.1600	false
CHP212	378	1	1663	INS	INS	false	5	5	178127615	178127616	1	-1	NORMAL	NORMAL	0.5200	false
CHP212	94	1	1680	INF	PAIR_INF	false	6	-1	4367001	0	-1	0	NORMAL		0.0440	false
CHP212	68	1	1681	INF	PAIR_INF	false	6	-1	4454000	0	1	0	NORMAL		0.0930	false
CHP212	142	1	1694	INF	PAIR_INF	false	6	-1	8380000	0	1	0	NORMAL		0.0770	false
CHP212	155	1	1696	INF	PAIR_INF	false	6	-1	8809001	0	-1	0	NORMAL		0.0820	false
CHP212	379	1	1704	INS	INS	false	6	6	11016406	11016407	1	-1	NORMAL	NORMAL	0.5460	false
CHP212	18	1	1730	INF	PAIR_INF	false	6	-1	30800001	0	-1	0	NORMAL		0.1130	false
CHP212	31	1	1731	INF	PAIR_INF	false	6	-1	32682000	0	1	0	NORMAL		0.0250	false
CHP212	380	1	1747	SGL	SGL_PAIR_INS	false	6	-1	39813146	0	-1	0	NORMAL		1.4588	false
CHP212	380	2	1748	INF	SGL_PAIR_INS	false	6	-1	39813146	0	1	0	NORMAL		1.5900	false
CHP212	381	1	1750	SGL	LINE	false	6	-1	40926824	0	-1	0	NORMAL		1.1231	false
CHP212	381	2	1751	SGL	LINE	false	6	-1	40926829	0	1	0	NORMAL		0.8675	false
CHP212	382	1	1755	INS	INS	false	6	6	43433759	43433760	1	-1	NORMAL	NORMAL	0.4560	false
CHP212	79	1	1756	SGL	LOW_VAF	false	6	-1	44013006	0	1	0	NORMAL		0.1305	false
CHP212	115	1	1764	INF	PAIR_INF	false	6	-1	46045000	0	1	0	NORMAL		0.1150	false
CHP212	112	1	1766	INF	PAIR_INF	false	6	-1	47204001	0	-1	0	NORMAL		0.0140	false
CHP212	383	1	1800	SGL	LINE	false	6	-1	68314056	0	-1	0	NORMAL		0.5721	false
CHP212	383	2	1801	SGL	LINE	false	6	-1	68314061	0	1	0	NORMAL		0.6240	false
CHP212	384	1	1805	DUP	DUP	false	6	6	74062244	74062278	-1	1	NORMAL	NORMAL	0.5999	false
CHP212	385	1	1818	DEL	DEL	false	6	6	78967194	79036476	1	-1	NORMAL	NORMAL	0.9789	false
CHP212	386	1	1822	INS	INS	false	6	6	83762910	83762911	1	-1	NORMAL	NORMAL	1.0300	false
CHP212	118	1	1824	INF	PAIR_INF	false	6	-1	85880001	0	-1	0	NORMAL		0.0730	false
CHP212	54	1	1825	INF	PAIR_INF	false	6	-1	86005000	0	1	0	NORMAL		0.0680	false
CHP212	85	1	1826	INF	PAIR_INF	false	6	-1	87156000	0	1	0	NORMAL		0.0900	false
CHP212	59	1	1827	INF	PAIR_INF	false	6	-1	87483001	0	-1	0	NORMAL		0.0900	false
CHP212	103	1	1829	SGL	LOW_VAF	false	6	-1	90582117	0	1	0	NORMAL		0.0320	false
CHP212	74	1	1832	INF	PAIR_INF	false	6	-1	92922000	0	1	0	NORMAL		0.0120	false
CHP212	148	1	1835	INF	PAIR_INF	false	6	-1	93641001	0	-1	0	NORMAL		0.0054	false
CHP212	387	1	1836	INS	INS	false	6	6	93847978	93847979	1	-1	NORMAL	NORMAL	0.9570	false
CHP212	388	1	1837	INV	PAIR_OTHER	false	6	6	94741074	94741417	1	1	FOLDBACK	FOLDBACK	0.0239	false
CHP212	389	1	1876	INF	INF	false	6	-1	125165001	0	-1	0	NORMAL		0.0780	false
CHP212	390	1	1879	INF	INF	false	6	-1	126662001	0	-1	0	NORMAL		0.0190	false
CHP212	62	1	1883	INF	PAIR_INF	false	6	-1	130475001	0	-1	0	NORMAL		0.0110	false
CHP212	123	1	1885	INF	PAIR_INF	false	6	-1	131373000	0	1	0	NORMAL		0.1020	false
CHP212	391	1	1897	DEL	DEL	false	6	6	143161434	143161521	1	-1	NORMAL	NORMAL	1.2210	false
CHP212	392	1	1900	INS	INS	false	6	6	147042695	147042696	1	-1	NORMAL	NORMAL	0.5700	false
CHP212	5	1	1901	INF	PAIR_INF	false	6	-1	147605001	0	-1	0	NORMAL		0.8570	false
CHP212	93	1	1904	INF	PAIR_INF	false	6	-1	148975000	0	1	0	NORMAL		0.8860	false
CHP212	41	1	1907	INF	PAIR_INF	false	6	-1	149909001	0	-1	0	NORMAL		0.0150	false
CHP212	129	1	1908	INF	PAIR_INF	false	6	-1	150139000	0	1	0	NORMAL		0.0420	false
CHP212	393	1	1918	INS	INS	false	6	6	156062766	156062767	1	-1	NORMAL	NORMAL	0.6590	false
CHP212	394	1	1932	INS	INS	false	6	6	162749162	162749163	1	-1	NORMAL	NORMAL	0.8280	false
CHP212	395	1	1934	INS	INS	false	6	6	163381923	163381924	1	-1	NORMAL	NORMAL	0.7530	false
CHP212	396	1	1948	DUP	DUP	false	6	6	168670747	168670940	-1	1	NORMAL	NORMAL	0.5831	false
CHP212	397	1	1949	DEL	DEL	false	6	6	168732721	168732770	1	-1	NORMAL	NORMAL	0.3247	false
CHP212	388	2	1956	INV	PAIR_OTHER	false	6	6	170456199	170636625	-1	-1	FOLDBACK	FOLDBACK	0.0715	false
CHP212	399	1	1972	INS	INS	false	7	7	1714663	1714664	1	-1	NORMAL	NORMAL	0.7580	false
CHP212	400	1	1991	DEL	DEL	false	7	7	11212945	11621381	1	-1	NORMAL	NORMAL	0.8991	false
CHP212	137	1	2000	INF	PAIR_INF	false	7	-1	17627001	0	-1	0	NORMAL		0.0340	false
CHP212	80	1	2002	INF	PAIR_INF	false	7	-1	18237000	0	1	0	NORMAL		0.0230	false
CHP212	401	1	2003	INS	INS	false	7	7	19759020	19759021	1	-1	NORMAL	NORMAL	0.4290	false
CHP212	402	1	2024	INF	INF	false	7	-1	37548000	0	1	0	NORMAL		0.0150	false
CHP212	403	1	2025	INF	INF	false	7	-1	37914000	0	1	0	NORMAL		0.0270	false
CHP212	404	1	2031	INS	INS	false	7	7	42923532	42923533	1	-1	NORMAL	NORMAL	0.7560	false
CHP212	121	1	2065	INF	PAIR_INF	false	7	-1	67712000	0	1	0	NORMAL		0.1050	false
CHP212	150	1	2066	INF	PAIR_INF	false	7	-1	68112001	0	-1	0	NORMAL		0.0500	false
CHP212	406	1	2070	INS	INS	false	7	7	70316444	70316445	1	-1	NORMAL	NORMAL	0.7880	false
CHP212	407	1	2075	INS	INS	false	7	7	72694421	72694422	1	-1	NORMAL	NORMAL	0.6480	false
CHP212	405	1	2079	DUP	DUP	false	7	7	66193576	73382116	-1	1	NORMAL	NORMAL	0.8920	false
CHP212	408	1	2096	INS	INS	false	7	7	81724040	81724041	1	-1	NORMAL	NORMAL	0.3400	false
CHP212	409	1	2102	INF	INF	false	7	-1	85579000	0	1	0	NORMAL		0.1220	false
CHP212	132	1	2103	INF	PAIR_INF	false	7	-1	86934000	0	1	0	NORMAL		1.7800	false
CHP212	7	1	2104	INF	PAIR_INF	false	7	-1	86949001	0	-1	0	NORMAL		1.8400	false
CHP212	125	1	2106	INF	PAIR_INF	false	7	-1	87600001	0	-1	0	NORMAL		0.0013	false
CHP212	109	1	2107	INF	PAIR_INF	false	7	-1	87821000	0	1	0	NORMAL		0.0230	false
CHP212	90	1	2120	INF	PAIR_INF	false	7	-1	97695000	0	1	0	NORMAL		0.0470	false
CHP212	34	1	2121	INF	PAIR_INF	false	7	-1	98019001	0	-1	0	NORMAL		0.1400	false
CHP212	410	1	2132	INS	INS	false	7	7	102113953	102113954	1	-1	NORMAL	NORMAL	0.5680	false
CHP212	411	1	2143	INF	INF	false	7	-1	109111000	0	1	0	NORMAL		0.0880	false
CHP212	412	1	2145	INF	INF	false	7	-1	109781000	0	1	0	NORMAL		0.0300	false
CHP212	69	1	2154	INF	PAIR_INF	false	7	-1	117754000	0	1	0	NORMAL		0.0680	false
CHP212	70	1	2155	INF	PAIR_INF	false	7	-1	118223001	0	-1	0	NORMAL		0.0500	false
CHP212	138	1	2161	INF	PAIR_INF	false	7	-1	120641001	0	-1	0	NORMAL		0.2110	false
CHP212	83	1	2162	INF	PAIR_INF	false	7	-1	120899000	0	1	0	NORMAL		0.0970	false
CHP212	84	1	2186	INV	LOW_VAF	false	7	7	134413552	134413607	-1	-1	NORMAL	NORMAL	0.0568	false
CHP212	413	1	2194	INV	PAIR_OTHER	false	7	7	142359305	142360545	1	1	FOLDBACK	FOLDBACK	0.0312	false
CHP212	413	2	2196	INF	PAIR_OTHER	false	7	-1	142455001	0	-1	0	NORMAL		0.0290	false
CHP212	145	1	2244	INF	PAIR_INF	false	8	-1	2179001	0	-1	0	NORMAL		1.7000	false
CHP212	128	1	2245	INF	PAIR_INF	false	8	-1	2284000	0	1	0	NORMAL		1.7900	false
CHP212	415	1	2271	INS	INS	false	8	8	15630490	15630491	1	-1	NORMAL	NORMAL	0.5060	false
CHP212	76	1	2310	INF	PAIR_INF	false	8	-1	34792000	0	1	0	NORMAL		0.1840	false
CHP212	116	1	2312	INF	PAIR_INF	false	8	-1	35278001	0	-1	0	NORMAL		0.1850	false
CHP212	416	1	2322	INS	INS	false	8	8	50513901	50513902	1	-1	NORMAL	NORMAL	0.8310	false
CHP212	417	1	2335	INS	INS	false	8	8	59935903	59935904	1	-1	NORMAL	NORMAL	0.7550	false
CHP212	418	1	2344	INS	INS	false	8	8	66925557	66925558	1	-1	NORMAL	NORMAL	0.4190	false
CHP212	419	1	2345	INS	INS	false	8	8	70079386	70079387	1	-1	NORMAL	NORMAL	1.6000	false
CHP212	126	1	2346	INF	PAIR_INF	false	8	-1	70716001	0	-1	0	NORMAL		0.8080	false
CHP212	140	1	2347	INF	PAIR_INF	false	8	-1	70799000	0	1	0	NORMAL		0.7930	false
CHP212	420	0	2366	INV	DUP	true	8	8	86174256	86174295	-1	-1	NORMAL	NORMAL	0.8602	false
CHP212	420	0	2367	INV	DUP	true	8	8	86174297	86174366	1	1	NORMAL	NORMAL	0.8885	false
CHP212	421	1	2390	INS	INS	false	8	8	98459607	98459608	1	-1	NORMAL	NORMAL	0.9250	false
CHP212	274	3	2392	BND	COMPLEX	false	2	8	15997214	101268742	1	-1	NORMAL	NORMAL	5.7101	false
CHP212	274	3	2393	INF	COMPLEX	false	8	-1	101268742	0	1	0	NORMAL		6.0700	false
CHP212	422	1	2404	DEL	DEL	false	8	8	112294051	112297140	1	-1	NORMAL	NORMAL	1.8906	false
CHP212	61	1	2410	INF	PAIR_INF	false	8	-1	115634000	0	1	0	NORMAL		1.8100	false
CHP212	143	1	2411	INF	PAIR_INF	false	8	-1	115642001	0	-1	0	NORMAL		1.9000	false
CHP212	92	1	2412	BND	LOW_VAF	false	2	8	223731465	116680715	-1	1	NORMAL	NORMAL	0.0425	false
CHP212	423	1	2415	INS	INS	false	8	8	118939645	118939646	1	-1	NORMAL	NORMAL	1.4600	false
CHP212	424	1	2419	INS	INS	false	8	8	120135695	120135696	1	-1	NORMAL	NORMAL	1.0300	false
CHP212	425	1	2422	INS	INS	false	8	8	123484745	123484746	1	-1	NORMAL	NORMAL	0.3320	false
CHP212	67	1	2433	INF	PAIR_INF	false	8	-1	129315000	0	1	0	NORMAL		0.1250	false
CHP212	152	1	2435	INF	PAIR_INF	false	8	-1	130195001	0	-1	0	NORMAL		0.0720	false
CHP212	106	1	2442	INF	PAIR_INF	false	8	-1	136822000	0	1	0	NORMAL		0.0580	false
CHP212	22	1	2443	INF	PAIR_INF	false	8	-1	137143001	0	-1	0	NORMAL		0.0100	false
CHP212	426	1	2456	INF	INF	false	8	-1	141652001	0	-1	0	NORMAL		0.2500	false
CHP212	427	1	2458	INF	INF	false	8	-1	142017001	0	-1	0	NORMAL		0.0024	false
CHP212	60	1	2461	SGL	LOW_VAF	false	8	-1	142837515	0	1	0	NORMAL		0.1470	false
CHP212	428	1	2465	DEL	DEL	false	8	8	143259615	143259650	1	-1	NORMAL	NORMAL	0.8332	false
CHP212	97	1	2485	INV	LOW_VAF	false	9	9	6521081	6521159	-1	-1	NORMAL	NORMAL	0.0389	false
CHP212	433	1	2491	INF	PAIR_OTHER	false	9	-1	8947000	0	1	0	NORMAL		0.6820	false
CHP212	51	1	2492	INF	PAIR_INF	false	9	-1	9315000	0	1	0	NORMAL		0.4900	false
CHP212	47	1	2493	INF	PAIR_INF	false	9	-1	9496001	0	-1	0	NORMAL		0.4910	false
CHP212	433	2	2494	INV	PAIR_OTHER	false	9	9	9681350	9681381	-1	-1	FOLDBACK	FOLDBACK	0.5139	false
CHP212	56	1	2495	INV	LOW_VAF	false	9	9	9681407	9681433	1	1	NORMAL	NORMAL	0.4072	false
CHP212	435	1	2523	SGL	SGL_PAIR_INS	false	9	-1	29877646	0	-1	0	NORMAL		1.2748	false
CHP212	435	2	2524	INF	SGL_PAIR_INS	false	9	-1	29877646	0	1	0	NORMAL		1.2900	false
CHP212	95	1	2530	INF	PAIR_INF	false	9	-1	31756000	0	1	0	NORMAL		0.0130	false
CHP212	117	1	2532	INF	PAIR_INF	false	9	-1	32236001	0	-1	0	NORMAL		0.2300	false
CHP212	436	1	2591	SGL	LINE	false	9	-1	97387403	0	-1	0	NORMAL		0.7680	false
CHP212	436	2	2592	SGL	LINE	false	9	-1	97387414	0	1	0	NORMAL		0.7763	false
CHP212	437	1	2603	INS	INS	false	9	9	104767720	104767721	1	-1	NORMAL	NORMAL	0.5000	false
CHP212	13	1	2645	INF	PAIR_INF	false	9	-1	124402001	0	-1	0	NORMAL		0.1430	false
CHP212	98	1	2648	INF	PAIR_INF	false	9	-1	124718000	0	1	0	NORMAL		0.0580	false
CHP212	438	1	2657	DEL	DEL	false	9	9	129421880	129421916	1	-1	NORMAL	NORMAL	0.3850	false
CHP212	439	1	2672	SGL	LINE	false	9	-1	136182806	0	-1	0	NORMAL		2.2137	false
CHP212	439	2	2673	INF	LINE	false	9	-1	136182806	0	1	0	NORMAL		2.1200	false
CHP212	6	1	2677	SGL	LOW_VAF	false	9	-1	137285987	0	-1	0	NORMAL		0.0627	false
CHP212	447	1	2709	DUP	DUP	false	10	10	3284483	3284613	-1	1	NORMAL	NORMAL	0.7996	false
CHP212	448	1	2741	DEL	DEL	false	10	10	23324402	23324468	1	-1	NORMAL	NORMAL	1.0700	false
CHP212	449	1	2768	INS	INS	false	10	10	47127765	47127766	1	-1	NORMAL	NORMAL	0.3660	false
CHP212	63	1	2783	SGL	LOW_VAF	false	10	-1	58335805	0	1	0	NORMAL		0.3720	false
CHP212	450	1	2884	INS	INS	false	10	10	133367226	133367227	1	-1	NORMAL	NORMAL	0.4620	false
CHP212	451	1	2891	INS	INS	false	10	10	134019354	134019355	1	-1	NORMAL	NORMAL	0.6400	false
CHP212	452	1	2894	INS	INS	false	10	10	134805865	134805866	1	-1	NORMAL	NORMAL	0.5620	false
CHP212	156	1	2910	INS	INS	false	11	11	5541117	5541118	1	-1	NORMAL	NORMAL	0.2720	false
CHP212	21	1	2921	SGL	LOW_VAF	false	11	-1	18399905	0	1	0	NORMAL		0.0985	false
CHP212	157	1	2941	INF	INF	false	11	-1	40666001	0	-1	0	NORMAL		0.9390	false
CHP212	158	1	2952	INS	INS	false	11	11	46786436	46786437	1	-1	NORMAL	NORMAL	1.0800	false
CHP212	159	1	2955	INF	INF	false	11	-1	47567000	0	1	0	NORMAL		0.0580	false
CHP212	160	1	2964	INF	INF	false	11	-1	50764000	0	1	0	NORMAL		0.0730	false
CHP212	161	2	2986	SGL	SGL_PAIR_INS	false	11	-1	68656366	0	1	0	NORMAL		1.3188	false
CHP212	161	1	2987	INF	SGL_PAIR_INS	false	11	-1	68656366	0	-1	0	NORMAL		1.4300	false
CHP212	162	1	2989	BND	PAIR_OTHER	false	2	11	128806664	68950406	-1	1	NORMAL	NORMAL	0.2029	false
CHP212	163	0	3012	INV	INV	true	11	11	83415266	83415285	-1	-1	NORMAL	NORMAL	0.3127	false
CHP212	163	0	3013	INV	INV	true	11	11	83415319	83415327	1	1	NORMAL	NORMAL	0.3445	false
CHP212	53	1	3051	INF	PAIR_INF	false	11	-1	103032001	0	-1	0	NORMAL		0.0880	false
CHP212	38	1	3053	INF	PAIR_INF	false	11	-1	103402000	0	1	0	NORMAL		0.0810	false
CHP212	169	2	3121	SGL	SGL_PAIR_INS	false	12	-1	2323901	0	1	0	NORMAL		1.6471	false
CHP212	169	1	3122	INF	SGL_PAIR_INS	false	12	-1	2323901	0	-1	0	NORMAL		1.5700	false
CHP212	170	1	3128	DEL	DEL	false	12	12	7105479	7105512	1	-1	NORMAL	NORMAL	0.4614	false
CHP212	171	1	3137	SGL	LINE	false	12	-1	10732294	0	1	0	NORMAL		0.0202	false
CHP212	172	1	3175	INF	INF	false	12	-1	38709001	0	-1	0	NORMAL		0.1720	false
CHP212	173	1	3187	DUP	DUP	false	12	12	47536586	47542044	-1	1	NORMAL	NORMAL	1.1888	false
CHP212	174	1	3188	INV	INV	false	12	12	49558042	49558580	1	1	FOLDBACK	FOLDBACK	0.0452	false
CHP212	175	1	3196	INS	INS	false	12	12	54988357	54988358	1	-1	NORMAL	NORMAL	0.7330	false
CHP212	176	1	3200	BND	RECIP_TRANS_DUPS	false	2	12	10300311	57351654	-1	-1	NORMAL	NORMAL	0.9416	false
CHP212	176	2	3201	BND	RECIP_TRANS_DUPS	false	2	12	10868855	57469942	1	1	NORMAL	NORMAL	0.9436	false
CHP212	49	1	3204	INF	PAIR_INF	false	12	-1	58055001	0	-1	0	NORMAL		0.4630	false
CHP212	0	1	3205	INF	PAIR_INF	false	12	-1	58254000	0	1	0	NORMAL		0.6680	false
CHP212	178	1	3211	SGL	LINE	false	12	-1	61838506	0	-1	0	NORMAL		1.1211	false
CHP212	178	2	3212	SGL	LINE	false	12	-1	61838507	0	1	0	NORMAL		1.1132	false
CHP212	179	1	3214	SGL	LINE	false	12	-1	63277690	0	-1	0	NORMAL		0.7170	false
CHP212	179	2	3215	SGL	LINE	false	12	-1	63277705	0	1	0	NORMAL		1.0298	false
CHP212	11	1	3218	BND	LOW_VAF	false	8	12	10584371	66108676	1	1	NORMAL	NORMAL	0.2220	false
CHP212	180	1	3220	DUP	DUP	false	12	12	69041352	70051524	-1	1	NORMAL	NORMAL	1.3619	false
CHP212	181	1	3225	INS	INS	false	12	12	71769847	71769848	1	-1	NORMAL	NORMAL	0.6140	false
CHP212	182	1	3239	BND	PAIR_OTHER	false	1	12	113223297	86653570	1	1	NORMAL	NORMAL	0.0146	false
CHP212	182	2	3240	INS	PAIR_OTHER	false	12	12	86653680	86653681	1	-1	NORMAL	NORMAL	0.6970	false
CHP212	114	1	3266	INF	PAIR_INF	false	12	-1	100060001	0	-1	0	NORMAL		0.0680	false
CHP212	55	1	3267	INF	PAIR_INF	false	12	-1	100698000	0	1	0	NORMAL		0.0250	false
CHP212	183	1	3282	INF	INF	false	12	-1	110729000	0	1	0	NORMAL		0.5630	false
CHP212	184	1	3298	DEL	DEL	false	12	12	122874829	122874875	1	-1	NORMAL	NORMAL	0.5644	false
CHP212	185	1	3318	INS	INS	false	12	12	129823938	129823939	1	-1	NORMAL	NORMAL	1.1600	false
CHP212	186	1	3372	INS	INS	false	13	13	36335816	36335817	1	-1	NORMAL	NORMAL	0.3920	false
CHP212	15	1	3417	INF	PAIR_INF	false	13	-1	64574000	0	1	0	NORMAL		0.0700	false
CHP212	141	1	3418	INF	PAIR_INF	false	13	-1	64969001	0	-1	0	NORMAL		0.0490	false
CHP212	187	1	3426	INS	INS	false	13	13	72248871	72248872	1	-1	NORMAL	NORMAL	0.7880	false
CHP212	188	1	3439	INS	INS	false	13	13	76638405	76638406	1	-1	NORMAL	NORMAL	0.7450	false
CHP212	189	1	3453	INS	INS	false	13	13	83490514	83490515	1	-1	NORMAL	NORMAL	0.5180	false
CHP212	130	1	3482	INF	PAIR_INF	false	13	-1	96069001	0	-1	0	NORMAL		0.0910	false
CHP212	39	1	3483	INF	PAIR_INF	false	13	-1	97060000	0	1	0	NORMAL		0.0280	false
CHP212	190	1	3492	INS	INS	false	13	13	99759991	99759992	1	-1	NORMAL	NORMAL	0.7930	false
CHP212	32	1	3503	SGL	LOW_VAF	false	13	-1	104897307	0	-1	0	NORMAL		0.0275	false
CHP212	191	1	3514	INS	INS	false	13	13	109750388	109750389	1	-1	NORMAL	NORMAL	0.4090	false
CHP212	48	1	3547	INF	PAIR_INF	false	14	-1	25673000	0	1	0	NORMAL		0.2060	false
CHP212	110	1	3548	INF	PAIR_INF	false	14	-1	26355001	0	-1	0	NORMAL		0.1520	false
CHP212	99	1	3573	INF	PAIR_INF	false	14	-1	46334000	0	1	0	NORMAL		0.0500	false
CHP212	14	1	3576	INF	PAIR_INF	false	14	-1	46909001	0	-1	0	NORMAL		0.1110	false
CHP212	2	1	3586	INF	PAIR_INF	false	14	-1	53019000	0	1	0	NORMAL		0.9450	false
CHP212	29	1	3588	INF	PAIR_INF	false	14	-1	53319001	0	-1	0	NORMAL		0.9670	false
CHP212	58	1	3590	INF	PAIR_INF	false	14	-1	56603000	0	1	0	NORMAL		0.1060	false
CHP212	52	1	3591	INF	PAIR_INF	false	14	-1	56802001	0	-1	0	NORMAL		0.0490	false
CHP212	192	1	3614	INS	INS	false	14	14	73468452	73468453	1	-1	NORMAL	NORMAL	1.1900	false
CHP212	274	4	3615	BND	COMPLEX	false	2	14	15786535	73692882	1	-1	NORMAL	NORMAL	3.5693	false
CHP212	274	4	3616	INF	COMPLEX	false	14	-1	73692882	0	1	0	NORMAL		3.4900	false
CHP212	40	1	3617	INF	PAIR_INF	false	14	-1	74991001	0	-1	0	NORMAL		0.1000	false
CHP212	45	1	3618	INF	PAIR_INF	false	14	-1	75404000	0	1	0	NORMAL		0.2490	false
CHP212	194	2	3640	SGL	LINE	false	14	-1	90912038	0	1	0	NORMAL		11.9938	false
CHP212	194	1	3641	INF	LINE	false	14	-1	90912038	0	-1	0	NORMAL		12.2700	false
CHP212	195	1	3644	SGL	LINE	false	14	-1	92116013	0	-1	0	NORMAL		0.7372	false
CHP212	195	2	3645	SGL	LINE	false	14	-1	92116020	0	1	0	NORMAL		0.8065	false
CHP212	196	1	3671	INS	INS	false	14	14	106227294	106227295	1	-1	NORMAL	NORMAL	0.3280	false
CHP212	198	1	3684	INS	INS	false	15	15	26563835	26563836	1	-1	NORMAL	NORMAL	0.8750	false
CHP212	199	1	3693	INS	INS	false	15	15	34150768	34150769	1	-1	NORMAL	NORMAL	0.7660	false
CHP212	35	1	3709	BND	LOW_VAF	false	10	15	15280298	43723397	-1	-1	NORMAL	NORMAL	0.4501	false
CHP212	100	1	3710	INV	LOW_VAF	false	15	15	44296613	44296650	-1	-1	NORMAL	NORMAL	0.0919	false
CHP212	200	1	3726	SGL	LINE	false	15	-1	54248775	0	1	0	NORMAL		0.6109	false
CHP212	200	2	3727	SGL	LINE	false	15	-1	54248777	0	-1	0	NORMAL		0.3910	false
CHP212	201	1	3734	INS	INS	false	15	15	58850829	58850830	1	-1	NORMAL	NORMAL	1.6000	false
CHP212	202	1	3741	INS	INS	false	15	15	63281685	63281686	1	-1	NORMAL	NORMAL	1.0600	false
CHP212	197	1	3763	DEL	DEL	false	15	15	23136084	74508951	1	-1	NORMAL	NORMAL	0.9520	false
CHP212	203	1	3772	SGL	LINE	false	15	-1	81392586	0	-1	0	NORMAL		1.7840	false
CHP212	203	2	3773	SGL	LINE	false	15	-1	81392593	0	1	0	NORMAL		1.6892	false
CHP212	3	1	3832	BND	LOW_VAF	false	15	16	55218229	5580929	-1	-1	NORMAL	NORMAL	0.0321	false
CHP212	81	1	3843	INF	PAIR_INF	false	16	-1	18167001	0	-1	0	NORMAL		0.0860	false
CHP212	89	1	3845	INF	PAIR_INF	false	16	-1	18975000	0	1	0	NORMAL		0.0570	false
CHP212	204	2	3859	SGL	LINE	false	16	-1	24327576	0	1	0	NORMAL		1.1560	false
CHP212	204	1	3860	INF	LINE	false	16	-1	24327576	0	-1	0	NORMAL		1.1800	false
CHP212	66	1	3874	INF	PAIR_INF	false	16	-1	31961001	0	-1	0	NORMAL		1.5400	false
CHP212	82	1	3878	INF	PAIR_INF	false	16	-1	33868000	0	1	0	NORMAL		1.6300	false
CHP212	205	0	3879	INF	PAIR_OTHER	false	16	-1	34459001	0	-1	0	NORMAL		0.9130	false
CHP212	205	0	3880	INV	PAIR_OTHER	false	16	16	34392109	34757736	1	1	NORMAL	NORMAL	0.4509	false
CHP212	274	15	3890	SGL	COMPLEX	false	16	-1	50476757	0	-1	0	NORMAL		0.8233	false
CHP212	274	16	3891	BND	COMPLEX	false	2	16	15984729	50476782	1	1	NORMAL	NORMAL	1.8858	false
CHP212	208	0	3908	SGL	SGL_PAIR_INS	false	16	-1	60038944	0	1	0	NORMAL		3.1215	false
CHP212	208	0	3909	INF	SGL_PAIR_INS	false	16	-1	60038944	0	-1	0	NORMAL		2.8500	false
CHP212	209	0	3913	INV	INV	true	16	16	62160208	62160229	-1	-1	NORMAL	NORMAL	0.3466	false
CHP212	209	0	3914	DUP	INV	true	16	16	62160227	62160265	-1	1	FOLDBACK	NORMAL	0.3253	false
CHP212	210	1	3917	INF	INF	false	16	-1	66422001	0	-1	0	NORMAL		0.4510	false
CHP212	274	2	3920	BND	COMPLEX	false	2	16	12879606	68035243	1	-1	NORMAL	NORMAL	3.1693	false
CHP212	274	2	3921	INF	COMPLEX	false	16	-1	68035243	0	1	0	NORMAL		3.3000	false
CHP212	23	1	3929	INF	PAIR_INF	false	16	-1	70908000	0	1	0	NORMAL		0.8480	false
CHP212	101	1	3930	INF	PAIR_INF	false	16	-1	71125001	0	-1	0	NORMAL		0.6580	false
CHP212	212	1	3937	INS	INS	false	16	16	75204868	75204869	1	-1	NORMAL	NORMAL	0.9850	false
CHP212	214	1	3945	DEL	DEL	false	16	16	78664852	78900020	1	-1	NORMAL	NORMAL	0.3533	false
CHP212	215	1	3950	DUP	DUP	false	16	16	81872854	81873021	-1	1	NORMAL	NORMAL	0.7847	false
CHP212	216	1	3965	INS	INS	false	17	17	810907	810908	1	-1	NORMAL	NORMAL	0.6760	false
CHP212	217	1	4012	INS	INS	false	17	17	25788885	25788886	1	-1	NORMAL	NORMAL	0.6370	false
CHP212	213	1	4028	BND	UNBAL_TRANS	false	16	17	77217964	36017849	1	-1	NORMAL	NORMAL	1.9488	false
CHP212	218	1	4035	SGL	PAIR_OTHER	false	17	-1	38679270	0	1	0	NORMAL		1.1494	false
CHP212	218	2	4036	BND	PAIR_OTHER	false	6	17	113946406	38679442	1	-1	NORMAL	NORMAL	0.0526	false
CHP212	274	4	4056	BND	COMPLEX	false	2	17	12879623	43838747	-1	-1	NORMAL	NORMAL	2.7838	false
CHP212	274	14	4057	INF	COMPLEX	false	17	-1	43838747	0	1	0	NORMAL		2.8100	false
CHP212	220	1	4070	BND	UNBAL_TRANS	false	1	17	114632958	46894272	-1	-1	NORMAL	NORMAL	0.8406	false
CHP212	221	2	4102	SGL	SGL_PAIR_INS	false	17	-1	55926223	0	1	0	NORMAL		1.1907	false
CHP212	221	1	4103	INF	SGL_PAIR_INS	false	17	-1	55926223	0	-1	0	NORMAL		1.2900	false
CHP212	133	1	4113	INF	PAIR_INF	false	17	-1	60908000	0	1	0	NORMAL		0.0970	false
CHP212	12	1	4114	INF	PAIR_INF	false	17	-1	61524001	0	-1	0	NORMAL		0.1000	false
CHP212	222	1	4119	DEL	DEL	false	17	17	62410312	62410632	1	-1	NORMAL	NORMAL	0.7051	false
CHP212	44	1	4147	INF	PAIR_INF	false	17	-1	69831000	0	1	0	NORMAL		0.0330	false
CHP212	27	1	4148	INF	PAIR_INF	false	17	-1	70075001	0	-1	0	NORMAL		0.2330	false
CHP212	223	1	4184	INS	INS	false	17	17	76474279	76474280	1	-1	NORMAL	NORMAL	0.4690	false
CHP212	111	1	4187	BND	LOW_VAF	false	12	17	82973182	76788157	1	-1	NORMAL	NORMAL	0.0286	false
CHP212	224	1	4193	DEL	DEL	false	17	17	77838018	77839921	1	-1	NORMAL	NORMAL	0.5371	false
CHP212	225	1	4207	DEL	DEL	false	17	17	79112748	79112813	1	-1	NORMAL	NORMAL	0.4809	false
CHP212	91	1	4211	BND	LOW_VAF	false	6	17	169772930	79181731	-1	1	NORMAL	NORMAL	0.1277	false
CHP212	226	0	4220	SGL	SGL_PAIR_INS	false	17	-1	80544452	0	1	0	NORMAL		6.9000	false
CHP212	226	0	4221	INF	SGL_PAIR_INS	false	17	-1	80544452	0	-1	0	NORMAL		6.6700	false
CHP212	227	2	4226	SGL	LINE	false	17	-1	80759992	0	1	0	NORMAL		1.2348	false
CHP212	227	1	4227	INF	LINE	false	17	-1	80759992	0	-1	0	NORMAL		1.3700	false
CHP212	57	1	4241	SGL	LOW_VAF	false	18	-1	3111007	0	1	0	NORMAL		0.0696	false
CHP212	228	1	4251	SGL	SGL_PAIR_DEL	false	18	-1	8927292	0	1	0	NORMAL		0.4746	false
CHP212	228	2	4252	SGL	SGL_PAIR_DEL	false	18	-1	8927345	0	-1	0	NORMAL		0.6673	false
CHP212	153	1	4293	INF	PAIR_INF	false	18	-1	41227000	0	1	0	NORMAL		0.0038	false
CHP212	1	1	4296	INF	PAIR_INF	false	18	-1	41808001	0	-1	0	NORMAL		0.0560	false
CHP212	42	1	4302	BND	LOW_VAF	false	3	18	2805766	47220794	1	-1	NORMAL	NORMAL	0.2480	false
CHP212	72	1	4333	SGL	LOW_VAF	false	18	-1	68132339	0	-1	0	NORMAL		0.0832	false
CHP212	229	1	4347	INS	INS	false	18	18	75817438	75817439	1	-1	NORMAL	NORMAL	1.5100	false
CHP212	230	1	4375	INS	INS	false	19	19	4085810	4085811	1	-1	NORMAL	NORMAL	0.6400	false
CHP212	231	1	4398	INS	INS	false	19	19	9693593	9693594	1	-1	NORMAL	NORMAL	0.5650	false
CHP212	232	1	4411	INF	INF	false	19	-1	15725000	0	1	0	NORMAL		0.0580	false
CHP212	233	1	4416	INF	INF	false	19	-1	15957000	0	1	0	NORMAL		0.0350	false
CHP212	234	1	4439	SGL	SGL_PAIR_INS	false	19	-1	24027922	0	-1	0	NORMAL		1.1396	false
CHP212	234	2	4440	INF	SGL_PAIR_INS	false	19	-1	24027922	0	1	0	NORMAL		1.1800	false
CHP212	235	1	4441	INS	INS	false	19	19	28512356	28512357	1	-1	NORMAL	NORMAL	0.7530	false
CHP212	236	1	4442	INF	PAIR_OTHER	false	19	-1	28968000	0	1	0	NORMAL		0.0200	false
CHP212	237	1	4444	INS	INS	false	19	19	29569223	29569224	1	-1	NORMAL	NORMAL	0.9240	false
CHP212	236	2	4445	INF	PAIR_OTHER	false	19	-1	29782001	0	-1	0	NORMAL		0.1730	false
CHP212	239	1	4458	INS	INS	false	19	19	39483314	39483315	1	-1	NORMAL	NORMAL	0.7420	false
CHP212	240	1	4460	INS	INS	false	19	19	44176872	44176873	1	-1	NORMAL	NORMAL	0.8840	false
CHP212	241	2	4466	SGL	SGL_PAIR_INS	false	19	-1	47922787	0	1	0	NORMAL		1.1065	false
CHP212	241	1	4467	INF	SGL_PAIR_INS	false	19	-1	47922787	0	-1	0	NORMAL		0.8080	false
CHP212	242	0	4472	SGL	SGL_PAIR_DUP	false	19	-1	50996255	0	-1	0	NORMAL		1.6442	false
CHP212	242	0	4473	SGL	SGL_PAIR_DUP	false	19	-1	50996910	0	1	0	NORMAL		2.2910	false
CHP212	243	1	4478	DEL	DEL	false	19	19	52473302	53071298	1	-1	NORMAL	NORMAL	0.5655	false
CHP212	440	1	4507	INS	INS	false	20	20	3036350	3036351	1	-1	NORMAL	NORMAL	1.3200	false
CHP212	441	1	4512	DEL	DEL	false	20	20	5681649	5681701	1	-1	NORMAL	NORMAL	0.7049	false
CHP212	20	1	4514	INF	PAIR_INF	false	20	-1	6410000	0	1	0	NORMAL		0.0470	false
CHP212	147	1	4515	INF	PAIR_INF	false	20	-1	6657001	0	-1	0	NORMAL		0.0420	false
CHP212	71	1	4528	BND	LOW_VAF	false	12	20	110617824	13571321	-1	-1	NORMAL	NORMAL	0.2113	false
CHP212	77	1	4530	INF	PAIR_INF	false	20	-1	14776000	0	1	0	NORMAL		0.9010	false
CHP212	33	1	4531	INF	PAIR_INF	false	20	-1	15033001	0	-1	0	NORMAL		0.9130	false
CHP212	442	1	4538	SGL	SGL_PAIR_INS	false	20	-1	19642424	0	-1	0	NORMAL		7.5687	false
CHP212	442	2	4539	SGL	SGL_PAIR_INS	false	20	-1	19642447	0	1	0	NORMAL		7.5343	false
CHP212	17	1	4551	INF	PAIR_INF	false	20	-1	24799001	0	-1	0	NORMAL		0.1160	false
CHP212	78	1	4556	INF	PAIR_INF	false	20	-1	31245000	0	1	0	NORMAL		0.0330	false
CHP212	443	1	4558	INF	INF	false	20	-1	31573001	0	-1	0	NORMAL		0.0096	false
CHP212	444	1	4559	INS	INS	false	20	20	32604887	32604888	1	-1	NORMAL	NORMAL	0.4580	false
CHP212	64	1	4562	INF	PAIR_INF	false	20	-1	33734001	0	-1	0	NORMAL		0.0400	false
CHP212	120	1	4564	INF	PAIR_INF	false	20	-1	34009000	0	1	0	NORMAL		0.1140	false
CHP212	445	1	4568	INS	INS	false	20	20	36794449	36794450	1	-1	NORMAL	NORMAL	0.4670	false
CHP212	87	1	4580	INV	LOW_VAF	false	20	20	44623473	44623532	-1	-1	NORMAL	NORMAL	0.0416	false
CHP212	104	1	4582	INF	PAIR_INF	false	20	-1	47523001	0	-1	0	NORMAL		0.0500	false
CHP212	43	1	4584	INF	PAIR_INF	false	20	-1	47976000	0	1	0	NORMAL		0.1020	false
CHP212	446	1	4617	INS	INS	false	20	20	61038873	61038874	1	-1	NORMAL	NORMAL	0.5380	false
CHP212	453	1	4636	INS	INS	false	21	21	10990903	10990904	1	-1	NORMAL	NORMAL	0.5740	false
CHP212	454	1	4638	SGL	LINE	false	21	-1	11054315	0	-1	0	NORMAL		0.2110	false
CHP212	455	1	4656	SGL	LINE	false	21	-1	26497423	0	-1	0	NORMAL		0.6796	false
CHP212	455	2	4657	SGL	LINE	false	21	-1	26497431	0	1	0	NORMAL		0.5290	false
CHP212	456	1	4665	SGL	LINE	false	21	-1	33398521	0	-1	0	NORMAL		0.3731	false
CHP212	456	2	4666	SGL	LINE	false	21	-1	33398526	0	1	0	NORMAL		0.6262	false
CHP212	24	1	4668	SGL	LOW_VAF	false	21	-1	34205579	0	1	0	NORMAL		0.0346	false
CHP212	19	1	4672	INF	PAIR_INF	false	21	-1	38344001	0	-1	0	NORMAL		0.0660	false
CHP212	139	1	4673	INF	PAIR_INF	false	21	-1	38623000	0	1	0	NORMAL		0.1030	false
CHP212	457	1	4692	SGL	SGL_PAIR_INS	false	21	-1	44888051	0	-1	0	NORMAL		1.7874	false
CHP212	457	2	4693	INF	SGL_PAIR_INS	false	21	-1	44888051	0	1	0	NORMAL		1.1900	false
CHP212	16	1	4753	INF	PAIR_INF	false	22	-1	39028001	0	-1	0	NORMAL		0.0580	false
CHP212	4	1	4755	INF	PAIR_INF	false	22	-1	39307000	0	1	0	NORMAL		0.0210	false
CHP212	274	5	4760	BND	COMPLEX	false	2	22	12879613	42023389	-1	-1	NORMAL	NORMAL	3.3280	false
CHP212	274	5	4761	INF	COMPLEX	false	22	-1	42023389	0	1	0	NORMAL		3.3300	false
CHP212	165	1	4770	INS	INS	false	22	22	44535904	44535905	1	-1	NORMAL	NORMAL	0.9890	false
CHP212	166	1	4779	INS	INS	false	22	22	46102578	46102579	1	-1	NORMAL	NORMAL	0.8340	false
CHP212	167	1	4787	DUP	DUP	false	22	22	47492963	47493034	-1	1	NORMAL	NORMAL	0.6566	false
CHP212	168	1	4805	INS	INS	false	22	22	50264809	50264810	1	-1	NORMAL	NORMAL	0.7170	false
CHP212	429	1	4834	DUP	DUP	false	X	X	7433601	7433716	-1	1	NORMAL	NORMAL	0.5062	false
CHP212	430	0	4871	INV	PAIR_OTHER	false	X	X	103175089	103261249	-1	-1	FOLDBACK	FOLDBACK	0.4892	false
CHP212	430	0	4872	INF	PAIR_OTHER	false	X	-1	103305000	0	1	0	NORMAL		0.8540	false
CHP212	432	1	4881	INS	INS	false	X	X	119839160	119839161	1	-1	NORMAL	NORMAL	0.3790	false
