vcfId	svId	clusterId	clusterReason	fragileSiteStart	fragileSiteEnd	isFoldback	lineTypeStart	lineTypeEnd	junctionCopyNumberMin	junctionCopyNumberMax	geneStart	geneEnd	replicationTimingStart	replicationTimingEnd	localTopologyIdStart	localTopologyIdEnd	localTopologyStart	localTopologyEnd	localTICountStart	localTICountEnd
gridss0fb_98o	0	244		false	false	false	NONE	NONE	0.3210	0.3210			0.6783	0.6783	0	0	DSB	DSB	0	0
gridss0fb_4939o	7	245		false	false	false	NONE	NONE	0.3840	0.3840	CAMTA1	CAMTA1	0.6211	0.6211	0	0	DSB	DSB	0	0
gridss1fb_3316o	11	246		false	false	false	NONE	NONE	-0.3218	1.2247			0.1322	0.1324	0	0	DSB	DSB	0	0
purple_0	13	122		false	false	false	NONE	NONE	1.0651	1.6549	RNU1-1;RP4-798A10.4		0.0000	0.0000	0	-1	ISOLATED_BE		0	0
purple_1	16	108		false	false	false	NONE	NONE	1.0951	1.6849	CROCC;RP11-108M9.6		0.0000	0.0000	0	-1	ISOLATED_BE		0	0
gridss1b_4423b	20	247		false	false	false	NONE	NONE	-0.1398	0.2669			0.3595	0.0000	0	-1	ISOLATED_BE		0	0
gridss6fb_4890o	54	248		false	false	false	NONE	NONE	0.6020	0.6020	DNAJC6	DNAJC6	0.4839	0.4839	0	0	DSB	DSB	0	0
gridss14fb_2877o	88	249		false	false	false	NONE	NONE	1.6000	1.6000			0.4325	0.4325	0	0	DSB	DSB	0	0
gridss15fb_643o	93	250		false	false	false	NONE	NONE	0.4770	0.4770	RPRD2	RPRD2	0.7529	0.7529	0	0	DSB	DSB	0	0
gridss15b_6375b	101	251	PROXIMITY-102	false	false	false	NONE	NONE	-0.4397	2.3100	KCNN3	RP11-191L9.4	0.5874	0.0000	0	-1	DSB		0	0
unbalanced_0	102	251	PROXIMITY-101	false	false	false	NONE	NONE	-1.3070	3.1290	KCNN3		0.5874	0.0000	0	-1	DSB		0	0
gridss16fb_6919o	116	252		false	false	false	NONE	NONE	0.5558	2.6712			0.1859	0.1859	0	0	DSB	DSB	0	0
gridss16f_8076b	126	253	PROXIMITY-127	false	false	false	NONE	NONE	-0.5112	2.3237	RP5-968D22.1		0.6689	0.0000	0	-1	DSB		0	0
unbalanced_1	127	253	PROXIMITY-126	false	false	false	NONE	NONE	-1.1530	3.2130	RP5-968D22.1		0.6689	0.0000	0	-1	DSB		0	0
gridss16f_8652b	129	134		false	false	false	NONE	NONE	-0.0443	0.3713	LINC00970	LINC00970;LINC00970	0.0000	0.0000	0	-1	ISOLATED_BE		0	0
gridss17b_2991b	138	254	PROXIMITY-139	false	false	false	NONE	NONE	-0.3142	3.0211			0.7005	0.0000	0	-1	DSB		0	0
gridss17f_2861b	139	254	PROXIMITY-138	false	false	false	NONE	NONE	-0.0950	3.5131			0.7005	0.0000	0	-1	DSB		0	0
gridss18bf_384o	161	255		false	false	false	NONE	NONE	-0.6180	1.2687	TPR;C1orf27	TPR;C1orf27	0.6883	0.6883	0	0	SIMPLE_DUP	SIMPLE_DUP	0	0
gridss19b_3189b	177	256		false	false	false	NONE	NONE	-0.6228	1.7985			0.3473	0.0000	0	-1	ISOLATED_BE		0	0
gridss19ff_429o	178	37		false	false	false	NONE	NONE	-0.6262	1.5166			0.0000	0.0000	0	0	SAME_ORIENT	SAME_ORIENT	0	0
gridss19b_3776b	182	257	PROXIMITY-183	false	false	false	NONE	NONE	-0.0297	3.4859		ANKRD30B;RP11-1157N2__B.2	0.1949	0.0000	0	-1	DSB		0	0
gridss19f_3922b	183	257	PROXIMITY-182	false	false	false	NONE	NONE	-0.4791	2.6818			0.1949	0.0000	0	-1	DSB		0	0
unbalanced_2	193	274	PROXIMITY-421	false	false	false	NONE	NONE	-1.2846	3.2106	NR5A2		0.4166	0.0000	1	-1	DSB		0	0
gridss20fb_9831o	200	259		false	false	false	NONE	NONE	1.1000	1.1000	CNTN2	CNTN2	0.6620	0.6620	0	0	DSB	DSB	0	0
gridss21fb_13060o	225	260		false	false	false	NONE	NONE	0.8474	1.3208	ESRRG	ESRRG	0.1414	0.1120	0	1	ISOLATED_BE	ISOLATED_BE	0	0
gridss22b_9750b	250	261	PROXIMITY-251	false	false	false	NONE	NONE	-0.4225	2.4021			0.6129	0.0000	0	-1	DSB		0	0
gridss22f_9512b	251	261	PROXIMITY-250	false	false	false	NONE	NONE	-0.3848	2.4474		ZNF286B;TRIM16L	0.6129	0.0000	0	-1	DSB		0	0
gridss23ff_1122o	282	262		false	false	true	NONE	NONE	-0.1213	0.3097			0.2951	0.2942	0	0	FOLDBACK	FOLDBACK	0	0
gridss24b_1991b	288	263	PROXIMITY-289	false	false	false	NONE	NONE	-0.3110	2.6710	WDR64	CDK12	0.7400	0.0000	0	-1	DSB		0	0
gridss24f_1981b	289	263	PROXIMITY-288	false	false	false	NONE	NONE	-0.3099	2.6318	WDR64	LRRC3B	0.7400	0.0000	0	-1	DSB		0	0
gridss24fb_9979o	300	264		false	false	false	NONE	NONE	1.3900	1.3900	KIF26B	KIF26B	0.3932	0.3932	0	0	DSB	DSB	0	0
gridss24bf_424o	306	265		false	false	false	NONE	NONE	-0.0442	2.6574			0.6324	0.6324	0	0	SIMPLE_DUP	SIMPLE_DUP	0	0
gridss24fb_12795o	308	266		false	false	false	NONE	NONE	0.5210	0.5210	KIF28P;RP11-397A15.4	KIF28P;RP11-397A15.4	0.6122	0.6122	0	0	DSB	DSB	0	0
gridss24fb_13515o	311	267		false	false	false	NONE	NONE	0.8990	0.8990	MIR3916	MIR3916	0.5150	0.5150	0	0	DSB	DSB	0	0
gridss24fb_16737o	322	268		false	false	false	NONE	NONE	0.6413	1.3175	SH3YL1;ACP1	SH3YL1;ACP1	0.4044	0.4053	0	0	DSB	DSB	0	0
gridss25bf_37o	323	269		false	false	false	NONE	NONE	0.0385	2.1346	SNTG2	SNTG2	0.2290	0.2290	0	0	SIMPLE_DUP	SIMPLE_DUP	0	0
gridss25ff_139o	329	274	PROXIMITY-422;HIGH_JCN-436	false	false	false	NONE	NONE	2.5933	7.7372			0.1496	0.1496	3	3	ISOLATED_BE	ISOLATED_BE	1	1
gridss25bf_196o	351	274	PROXIMITY-467;HIGH_JCN-423	false	false	false	NONE	NONE	4.2916	6.1071	TRAPPC12	LINC00298	0.6194	0.1072	4	6	ISOLATED_BE	TI_ONLY	0	1
gridss26b_3586b	367	274	MAJOR_ALLELE_JCN-404	false	false	false	NONE	NONE	-4.2437	9.8804			0.7473	0.0000	8	-1	ISOLATED_BE		0	0
gridss26fb_44299o	369	274	PROXIMITY-390;MAJOR_ALLELE_JCN-404	false	false	false	NONE	NONE	-27.2088	33.3992	LPIN1;AC012456.4	LPIN1;AC012456.4	0.7423	0.7423	9	9	COMPLEX_OTHER	COMPLEX_OTHER	0	0
gridss26f_5965b	370	277	PROXIMITY-371	false	false	false	NONE	NONE	-5.6850	11.8460	LPIN1		0.7294	0.0000	0	-1	DSB		0	0
gridss26b_5984b	371	277	PROXIMITY-370	false	false	false	NONE	NONE	-6.5451	10.4667	LPIN1		0.7294	0.0000	0	-1	DSB		0	0
gridss26fb_83934o	378	279		false	false	false	NONE	NONE	3.3100	3.3100	AC096559.1	AC096559.1	0.5183	0.5183	0	0	DSB	DSB	0	0
gridss26bb_1351o	379	131		false	false	false	NONE	NONE	-4.8314	8.7019	AC096559.1	AC096559.1	0.0000	0.0000	0	0	SAME_ORIENT	SAME_ORIENT	0	0
gridss26b_10231b	380	274	MAJOR_ALLELE_JCN-404	false	false	false	NONE	NONE	-3.4179	11.9342	AC096559.1		0.4527	0.0000	11	-1	ISOLATED_BE		0	0
gridss26f_10940b	382	274	MAJOR_ALLELE_JCN-413	false	false	false	NONE	NONE	-5.3188	9.3887	AC096559.1		0.3924	0.0000	12	-1	ISOLATED_BE		0	0
gridss26ff_722o	390	274	PROXIMITY-369	false	false	false	NONE	NONE	-13.5223	14.7005	LPIN1;AC012456.4	AC096559.1	0.7429	0.2771	9	13	COMPLEX_OTHER	ISOLATED_BE	0	0
gridss26fb_130899o	393	282		false	false	false	NONE	NONE	-26.9878	33.1758	AC096559.1	AC096559.1	0.2668	0.2668	0	0	DSB	DSB	0	0
gridss26bb_2386o	399	73		false	false	false	NONE	NONE	-5.7184	7.4559	AC096559.1	AC096559.1	0.0000	0.0000	0	0	SAME_ORIENT	SAME_ORIENT	0	0
gridss26fb_168165o	400	274	PROXIMITY-401;MAJOR_ALLELE_JCN-404	false	false	false	NONE	NONE	-26.7023	35.1850	AC096559.1	AC096559.1	0.1919	0.1919	14	14	COMPLEX_OTHER	COMPLEX_OTHER	0	0
gridss26f_15826b	401	274	PROXIMITY-400	false	false	false	NONE	NONE	-29.6100	35.4186	AC096559.1		0.1919	0.0000	14	-1	COMPLEX_OTHER		0	0
gridss26ff_2643o	403	36		false	false	false	NONE	NONE	-5.7922	8.0753	AC096559.1	AC096559.1	0.0000	0.0000	0	0	SAME_ORIENT	SAME_ORIENT	0	0
gridss26bf_98o	404	274	PROXIMITY-452;HIGH_JCN-414;MAJOR_ALLELE_JCN-400	false	false	false	NONE	NONE	104.1011	125.6298	GREB1	AC096559.1	0.7338	0.2216	7	15	ISOLATED_BE	DSB	0	0
gridss26b_18970b	406	274	PROXIMITY-407;MAJOR_ALLELE_JCN-413	false	false	false	NONE	NONE	-28.2985	40.9671	AC096559.1		0.2006	0.0000	16	-1	COMPLEX_OTHER		0	0
gridss26b_19031b	407	274	PROXIMITY-406	false	false	false	NONE	NONE	-33.4328	33.7072	AC096559.1		0.1992	0.0000	16	-1	COMPLEX_OTHER		0	0
gridss26f_19352b	408	274	PROXIMITY-407	false	false	false	NONE	NONE	-30.7650	34.8276	AC096559.1		0.1992	0.0000	16	-1	COMPLEX_OTHER		0	0
gridss26fb_229541o	412	285		false	false	false	NONE	NONE	-27.5479	34.7262			0.1583	0.1583	0	0	DSB	DSB	0	0
gridss26bf_642o	413	274	PROXIMITY-414;MAJOR_ALLELE_JCN-382	false	false	false	NONE	NONE	70.6179	141.6264	LPIN1		0.7185	0.1553	10	17	DSB	DSB	0	0
gridss26fb_50458o	414	274	PROXIMITY-413;HIGH_JCN-404	false	false	false	NONE	NONE	55.6073	123.9629	LPIN1		0.7194	0.1553	10	17	DSB	DSB	0	0
gridss26fb_234048o	415	286		false	false	false	NONE	NONE	-29.9951	32.6495			0.1487	0.1484	0	0	DSB	DSB	0	0
gridss20bb_7o	421	274	PROXIMITY-193	false	false	false	NONE	NONE	-1.2551	3.4779	NR5A2	TRIB2	0.4166	0.1213	1	18	DSB	COMPLEX_OTHER	0	0
gridss25bb_155o	422	274	PROXIMITY-329;HIGH_JCN-423	false	false	false	NONE	NONE	4.7957	6.6428			0.1496	0.1189	3	20	ISOLATED_BE	ISOLATED_BE	1	0
gridss25ff_203o	423	274	HIGH_JCN-422	false	false	false	NONE	NONE	4.9079	6.2380	TRAPPC12	LINC00276	0.6469	0.1106	5	21	ISOLATED_BE	ISOLATED_BE	0	0
gridss26ff_3949o	426	274	PROXIMITY-428;HIGH_JCN-452;MAJOR_ALLELE_JCN-4760	false	false	false	NONE	NONE	105.4885	136.1679			0.1177	0.1820	19	22	ISOLATED_BE	TI_ONLY	0	1
gridss26bb_4146o	428	274	PROXIMITY-426;MAJOR_ALLELE_JCN-3615	false	false	false	NONE	NONE	97.3571	134.0672		DDX1	0.1820	0.4039	22	26	TI_ONLY	ISOLATED_BE	1	0
gridss26fb_266376o	430	274	PROXIMITY-431	false	false	false	NONE	NONE	-0.5298	1.9198		AC008278.3	0.4050	0.3350	25	28	ISOLATED_BE	SAME_ORIENT	0	1
gridss26ff_4796o	431	274	PROXIMITY-430	false	false	false	NONE	NONE	0.0000	0.7730	AC008278.3	AC008278.3	0.3350	0.3350	28	28	SAME_ORIENT	SAME_ORIENT	1	1
gridss26f_27369b	432	274	PROXIMITY-431;MAJOR_ALLELE_JCN-428	false	false	false	NONE	NONE	-32.4214	91.1627	AC008278.3		0.3321	0.0000	28	-1	SAME_ORIENT		1	0
gridss26bf_3222o	435	292		false	false	false	NONE	NONE	-7.3668	77.0394			0.2454	0.2454	0	0	SIMPLE_DUP	SIMPLE_DUP	0	0
gridss25bb_127o	436	274	HIGH_JCN-329	false	false	false	NONE	NONE	4.7370	6.5667	MYT1L	AC113608.1	0.1870	0.2346	2	30	ISOLATED_BE	ISOLATED_BE	0	0
gridss26f_30922b	437	274	PROXIMITY-2392;MAJOR_ALLELE_JCN-428	false	false	false	NONE	NONE	-12.1747	21.6517	RNU5E-7P;RP11-120J4.1		0.2175	0.0000	33	-1	COMPLEX_OTHER		0	0
gridss26b_30758b	438	274	PROXIMITY-437	false	false	false	NONE	NONE	-15.1630	17.1352	RNU5E-7P		0.2170	0.0000	33	-1	COMPLEX_OTHER		0	0
gridss26fb_341865o	440	295		false	false	false	NONE	NONE	-27.5032	37.1048	snoU13	snoU13	0.2100	0.2100	0	0	DSB	DSB	0	0
gridss26fb_343128o	441	296		false	false	false	NONE	NONE	-28.5778	35.2823	snoU13	snoU13	0.2091	0.2091	0	0	DSB	DSB	0	0
gridss26b_33653b	444	274	PROXIMITY-457;MAJOR_ALLELE_JCN-452	false	false	false	NONE	NONE	-31.3082	35.8386			0.1913	0.0000	34	-1	DSB		0	0
gridss26ff_5383o	447	274	PROXIMITY-458;LONG_DEL_DUP_INV-464	false	false	false	NONE	NONE	-31.5935	33.9226		AC010145.4	0.2282	0.1789	31	35	DSB	COMPLEX_OTHER	0	0
gridss26fb_367569o	448	274	PROXIMITY-459;MAJOR_ALLELE_JCN-452	false	false	false	NONE	NONE	-29.1567	35.0555	AC010145.4	AC010145.4	0.1776	0.1776	35	35	COMPLEX_OTHER	COMPLEX_OTHER	0	0
gridss26bb_4334o	449	274	LONG_DEL_DUP_INV-464	false	false	false	NONE	NONE	0.5502	2.4248	NBAS;AC008278.2	AC010145.4	0.4058	0.1714	24	36	ISOLATED_BE	ISOLATED_BE	0	0
gridss26bf_1917o	452	274	PROXIMITY-404;HIGH_JCN-426;MAJOR_ALLELE_JCN-448	false	false	false	NONE	NONE	101.0582	126.1878	AC096559.1	AC010145.4;AC130710.1	0.2213	0.1508	15	37	DSB	ISOLATED_BE	0	0
gridss26ff_6414o	456	274	LONG_DEL_DUP_INV-464	false	false	false	NONE	NONE	-0.2598	1.3889	AC142119.1		0.1424	0.1112	38	40	ISOLATED_BE	ISOLATED_BE	0	0
gridss26fb_360080o	457	274	PROXIMITY-444	false	false	false	NONE	NONE	-1.0521	1.9283		AC010745.1	0.1917	0.1065	34	41	DSB	ISOLATED_BE	0	0
gridss26bf_3287o	458	274	PROXIMITY-447	false	false	false	NONE	NONE	-5.1497	6.8325		AC010745.2	0.2282	0.1053	31	42	DSB	DSB	0	1
gridss26bf_3759o	459	274	PROXIMITY-447	false	false	false	NONE	NONE	-5.4237	6.2659	AC010145.4	AC010745.2	0.1785	0.1053	35	42	COMPLEX_OTHER	DSB	0	1
gridss26bb_6478o	460	274	PROXIMITY-458	false	false	false	NONE	NONE	-2.2583	3.2055	AC010745.2	AC010745.2	0.1053	0.1053	42	42	DSB	DSB	1	1
gridss26bf_3200o	464	274	LONG_DEL_DUP_INV-449	false	false	false	NONE	NONE	-1.2248	1.7020		AC010745.3	0.2524	0.1048	29	43	ISOLATED_BE	ISOLATED_BE	0	0
gridss26ff_6427o	465	274	PROXIMITY-466;LONG_DEL_DUP_INV-464	false	false	false	NONE	NONE	0.0000	0.9030	AC142119.1		0.1363	0.1053	39	44	ISOLATED_BE	SAME_ORIENT	0	0
gridss26bf_2723o	466	274	PROXIMITY-465	false	false	false	NONE	NONE	2.6521	3.8680	NBAS		0.3203	0.1054	23	44	ISOLATED_BE	SAME_ORIENT	0	0
gridss25bf_395o	467	274	PROXIMITY-351	false	false	false	NONE	NONE	4.6428	6.4578	LINC00298	AC010745.4	0.1072	0.1125	6	45	TI_ONLY	ISOLATED_BE	1	0
purple_2	469	300		false	false	false	NONE	NONE	-0.0980	0.3360			0.2563	0.0000	0	-1	ISOLATED_BE		0	0
gridss27fb_630o	474	301		false	false	false	NONE	NONE	0.8760	0.8760	C2orf43	C2orf43	0.6787	0.6787	0	0	DSB	DSB	0	0
purple_3	478	25		false	false	false	NONE	NONE	-0.0242	0.4002	AC067959.1		0.0000	0.0000	0	-1	ISOLATED_BE		0	0
purple_4	479	96		false	false	false	NONE	NONE	-0.0755	0.3375	AC068490.2;AC096570.2		0.0000	0.0000	0	-1	ISOLATED_BE		0	0
purple_5	484	302		false	false	false	NONE	NONE	-0.1116	0.3156			0.6792	0.0000	0	-1	ISOLATED_BE		0	0
purple_6	486	303	TI_JCN_MATCH-497	false	false	false	NONE	NONE	-0.1866	0.2466	DNMT3A		0.6976	0.0000	0	-1	ISOLATED_BE		0	0
purple_7	492	113		false	false	false	NONE	NONE	-0.1298	0.3298	DPYSL5		0.0000	0.0000	0	-1	ISOLATED_BE		0	0
purple_8	494	154		false	false	false	NONE	NONE	-0.1818	0.2778	IFT172		0.0000	0.0000	0	-1	ISOLATED_BE		0	0
purple_9	497	303	TI_JCN_MATCH-486	false	false	false	NONE	NONE	-0.1634	0.3014	PPP1CB		0.7622	0.0000	1	-1	ISOLATED_BE		0	0
purple_10	498	305		false	false	false	NONE	NONE	-0.1625	0.2885	FAM179A		0.7212	0.0000	0	-1	ISOLATED_BE		0	0
purple_11	506	127		false	false	false	NONE	NONE	-0.2230	0.2325	AC009499.1		0.0000	0.0000	0	-1	ISOLATED_BE		0	0
purple_12	508	146		false	false	false	NONE	NONE	-0.2238	0.2315	AC009499.1		0.0000	0.0000	0	-1	ISOLATED_BE		0	0
gridss28fb_12610o	516	306		false	false	false	NONE	NONE	0.3880	0.3880	AC012593.1;RN7SL602P	AC012593.1;RN7SL602P	0.1730	0.1730	0	0	DSB	DSB	0	0
purple_13	531	105		false	false	false	NONE	NONE	-0.0718	0.3578	MIR4431		0.0000	0.0000	0	-1	ISOLATED_BE		0	0
purple_14	532	50		false	false	false	NONE	NONE	-0.0547	0.3787			0.0000	0.0000	0	-1	ISOLATED_BE		0	0
gridss30fb_8794o	539	307		false	false	false	NONE	NONE	-0.1961	1.5109			0.2493	0.2493	0	0	DSB	DSB	0	0
gridss30b_4211b	541	102		false	false	false	NONE	NONE	-0.0807	0.3742			0.0000	0.0000	0	-1	ISOLATED_BE		0	0
purple_15	566	136		false	false	false	NONE	NONE	-0.0884	0.3184	RN7SL201P		0.0000	0.0000	0	-1	ISOLATED_BE		0	0
purple_16	567	119		false	false	false	NONE	NONE	-0.0767	0.3327			0.0000	0.0000	0	-1	ISOLATED_BE		0	0
gridss36bb_513o	607	308		false	false	true	NONE	NONE	-0.1239	0.1937	C2orf76	C2orf76	0.5572	0.5572	0	0	FOLDBACK	FOLDBACK	0	0
gridss37fb_5798o	620	309		false	false	false	NONE	NONE	0.8450	0.8450			0.0755	0.0755	0	0	DSB	DSB	0	0
unbalanced_13	631	162	PROXIMITY-2989	false	false	false	NONE	NONE	-0.7173	2.3773			0.6704	0.0000	1	-1	DSB		0	0
gridss37fb_11510o	632	310		false	false	false	NONE	NONE	0.5550	0.5550	HS6ST1	HS6ST1	0.4999	0.4999	0	0	DSB	DSB	0	0
gridss40b_4863b	660	311	PROXIMITY-661	false	false	false	NONE	NONE	-0.3164	1.6623		KCTD8	0.2667	0.0000	0	-1	DSB		0	0
gridss40f_4774b	661	311	PROXIMITY-660	false	false	false	NONE	NONE	-0.4732	1.4117			0.2667	0.0000	0	-1	DSB		0	0
gridss41b_5101b	679	312	PROXIMITY-680	false	false	false	NONE	NONE	0.0540	2.6472	CERS6	CTC-523E23.10	0.2062	0.0000	0	-1	DSB		0	0
unbalanced_3	680	312	PROXIMITY-679	false	false	false	NONE	NONE	-0.5636	3.2036	CERS6		0.2062	0.0000	0	-1	DSB		0	0
purple_17	683	124		false	false	false	NONE	NONE	-0.1641	0.2681			0.0000	0.0000	0	-1	ISOLATED_BE		0	0
purple_18	686	8		false	false	false	NONE	NONE	-0.1711	0.2611			0.0000	0.0000	0	-1	ISOLATED_BE		0	0
gridss42fb_5741o	691	313		false	false	false	NONE	NONE	0.6050	0.6050			0.5041	0.5041	0	0	DSB	DSB	0	0
gridss44bb_358o	718	314	PROXIMITY-719	false	false	false	NONE	NONE	-0.5305	1.2619	SNORD59	SNORD59	0.4199	0.4199	0	0	TI_ONLY	TI_ONLY	3	3
gridss44bf_181o	719	314	PROXIMITY-718	false	false	false	NONE	NONE	-0.4691	1.1765	SNORD59	SNORD59	0.4199	0.4199	0	0	TI_ONLY	TI_ONLY	3	3
gridss44ff_365o	720	314	PROXIMITY-718	false	false	false	NONE	NONE	-0.5162	1.1156	SNORD59	SNORD59	0.4199	0.4199	0	0	TI_ONLY	TI_ONLY	3	3
gridss46b_4663b	751	315	PROXIMITY-752	false	false	false	NONE	NONE	-0.1516	2.0679	AC009492.1;DIRC3	AF127936.7	0.1581	0.0000	0	-1	DSB		0	0
gridss46f_4626b	752	315	PROXIMITY-751	false	false	false	NONE	NONE	-0.1536	2.3680	AC009492.1;DIRC3	SP100	0.1581	0.0000	0	-1	DSB		0	0
purple_19	770	316		false	false	false	NONE	NONE	-0.2161	0.2246	AC097713.3;AC097713.4		0.3903	0.0000	0	-1	ISOLATED_BE		0	0
purple_20	772	317		false	false	false	NONE	NONE	-0.1744	0.2764			0.4729	0.0000	0	-1	ISOLATED_BE		0	0
gridss49fb_3296o	786	318		false	false	false	NONE	NONE	0.8590	0.8590	AC131097.3	AC131097.3	0.6145	0.6145	0	0	DSB	DSB	0	0
gridss50fb_7501o	804	319		false	false	false	NONE	NONE	0.4530	0.4530	PPARG	PPARG	0.7555	0.7555	0	0	DSB	DSB	0	0
purple_21	810	320		false	false	false	NONE	NONE	-0.1150	0.3090	TBC1D5		0.4599	0.0000	0	-1	ISOLATED_BE		0	0
purple_22	812	321		false	false	false	NONE	NONE	-0.1573	0.2473	TBC1D5		0.6219	0.0000	0	-1	ISOLATED_BE		0	0
gridss51fb_8068o	817	322		false	false	false	NONE	NONE	0.6590	1.3328	UBE2E2	UBE2E2	0.5528	0.5511	0	0	DSB	DSB	0	0
gridss51fb_10533o	819	323		false	false	false	NONE	NONE	0.5140	0.5140	AC133680.1	AC133680.1	0.1968	0.1968	0	0	DSB	DSB	0	0
gridss52f_3971b	831	324	PROXIMITY-832	false	false	false	NONE	NONE	-0.0481	2.5204	CCR4	HIBADH	0.6459	0.0000	0	-1	DSB		0	0
unbalanced_4	832	324	PROXIMITY-831	false	false	false	NONE	NONE	-0.5922	2.9522	CCR4		0.6459	0.0000	0	-1	DSB		0	0
gridss53f_530b	843	325	PROXIMITY-844	false	false	false	NONE	NONE	0.1845	3.4029	ITGA9		0.4530	0.0000	0	-1	TI_ONLY		1	0
unbalanced_5	844	325	PROXIMITY-843	false	false	false	NONE	NONE	-0.3052	3.9252	ITGA9		0.4530	0.0000	0	-1	TI_ONLY		1	0
gridss53fb_9612o	852	326		false	false	false	NONE	NONE	0.9300	0.9300	RP4-555D20.2	RP4-555D20.2	0.4390	0.4390	0	0	DSB	DSB	0	0
gridss56fb_9590o	890	327		false	false	false	NONE	NONE	0.4980	0.4980			0.0755	0.0755	0	0	DSB	DSB	0	0
gridss57fb_8707o	907	328		false	false	false	NONE	NONE	0.6170	0.6170			0.4104	0.4104	0	0	DSB	DSB	0	0
gridss57fb_13410o	917	329		false	false	false	NONE	NONE	1.2100	1.2100	VGLL3	VGLL3	0.6977	0.6977	0	0	DSB	DSB	0	0
gridss59fb_6550o	943	330		false	false	false	NONE	NONE	0.8590	0.8590		ZPLD1	0.6588	0.6588	0	0	DSB	DSB	0	0
gridss59f_3396b	945	331	PROXIMITY-946	false	false	false	NONE	NONE	-0.4778	2.2342			0.4763	0.0000	0	-1	DSB		0	0
unbalanced_6	946	331	PROXIMITY-945	false	false	false	NONE	NONE	-1.0345	1.9725			0.4763	0.0000	0	-1	DSB		0	0
gridss59b_3708b	947	332	PROXIMITY-948	false	false	false	NONE	NONE	0.3258	3.9194		PCNP;RP11-234A1.1	0.4131	0.0000	0	-1	TI_ONLY		1	0
unbalanced_7	948	332	PROXIMITY-947	false	false	false	NONE	NONE	-0.2010	4.3210			0.4131	0.0000	0	-1	TI_ONLY		1	0
gridss59fb_13510o	954	333		false	false	false	NONE	NONE	0.3955	1.0647	LINC00883;RP11-446H18.5	LINC00883;RP11-446H18.5	0.6503	0.6493	0	0	DSB	DSB	0	0
gridss60bb_563o	964	334	PROXIMITY-965	true	true	false	NONE	NONE	-0.0560	1.8574	LSAMP	LSAMP	0.4258	0.4256	0	0	COMPLEX_OTHER	COMPLEX_OTHER	0	0
gridss60ff_584o	965	334	PROXIMITY-964	true	true	false	NONE	NONE	0.4858	1.1148	LSAMP	LSAMP	0.4256	0.4202	0	1	COMPLEX_OTHER	ISOLATED_BE	0	0
gridss60fb_12058o	966	335		true	true	false	NONE	NONE	0.3723	0.8634	LSAMP	LSAMP	0.4073	0.3556	0	1	ISOLATED_BE	ISOLATED_BE	0	0
purple_23	967	336		true	false	false	NONE	NONE	0.4165	0.8435	LSAMP		0.1171	0.0000	0	-1	ISOLATED_BE		0	0
gridss62fb_9328o	997	337		false	false	false	NONE	NONE	0.3930	0.3930	RYK	RYK	0.7187	0.7187	0	0	DSB	DSB	0	0
gridss62fb_12261o	1000	338		false	false	false	NONE	NONE	1.5615	2.2616	PCCB	PCCB	0.6446	0.6431	0	1	ISOLATED_BE	ISOLATED_BE	0	0
purple_24	1001	339		false	false	false	NONE	NONE	-0.1881	0.2301			0.6462	0.0000	0	-1	ISOLATED_BE		0	0
gridss63fb_10999o	1014	340		false	false	false	NONE	NONE	0.5280	0.5280			0.1254	0.1254	0	0	DSB	DSB	0	0
purple_25	1033	341		false	false	false	NONE	NONE	-0.1484	0.2704			0.3800	0.0000	0	-1	ISOLATED_BE		0	0
purple_26	1034	342		false	false	false	NONE	NONE	-0.2003	0.2062	GFM1;RP11-379F4.6		0.4666	0.0000	0	-1	ISOLATED_BE		0	0
gridss65fb_9596o	1042	343		false	false	false	NONE	NONE	-0.1282	1.7064			0.2662	0.2662	0	0	DSB	DSB	0	0
gridss66b_5374b	1049	344	PROXIMITY-1050	false	false	false	NONE	NONE	-0.4049	1.4709		PTPRQ	0.1077	0.0000	0	-1	DSB		0	0
gridss66f_5439b	1050	344	PROXIMITY-1049	false	false	false	NONE	NONE	-0.1756	1.8477			0.1077	0.0000	0	-1	DSB		0	0
gridss68bb_508o	1082	144		false	false	false	NONE	NONE	-0.0663	0.2262	ACAP2;Y_RNA	ACAP2;Y_RNA	0.0000	0.0000	0	0	SAME_ORIENT	SAME_ORIENT	0	0
gridss69f_1093b	1091	345		false	false	false	NONE	NONE	4.9001	8.6271	ZNF595		0.2429	0.0000	0	-1	ISOLATED_BE		0	0
gridss69fb_2462o	1093	346		false	false	false	NONE	NONE	0.4020	0.4020	GAK	GAK	0.7516	0.7516	0	0	DSB	DSB	0	0
gridss69fb_5742o	1098	347		false	false	false	NONE	NONE	0.4340	0.4340	HTT	HTT	0.6545	0.6545	0	0	DSB	DSB	0	0
gridss69fb_6307o	1104	348		false	false	false	NONE	NONE	0.7470	0.7470			0.4058	0.4058	0	0	DSB	DSB	0	0
purple_27	1126	151		false	false	false	NONE	NONE	0.0018	0.4502	RP11-264E23.1		0.0000	0.0000	0	-1	ISOLATED_BE		0	0
purple_28	1128	107		false	false	false	NONE	NONE	-0.1090	0.3150	SLC2A9		0.0000	0.0000	0	-1	ISOLATED_BE		0	0
gridss70fb_7321o	1140	349		false	false	false	NONE	NONE	0.6280	0.6280	CPEB2-AS1	CPEB2-AS1	0.4970	0.4970	0	0	DSB	DSB	0	0
gridss71fb_905o	1150	350		false	false	false	NONE	NONE	0.3430	0.3430	RP11-3J1.1	RP11-3J1.1	0.3187	0.3187	0	0	DSB	DSB	0	0
gridss74fb_2513o	1203	351		false	false	false	NONE	NONE	0.6070	0.6070	FIP1L1;LNX1	FIP1L1;LNX1	0.6388	0.6388	0	0	DSB	DSB	0	0
gridss74b_3797b	1207	352	PROXIMITY-1208	false	false	false	NONE	NONE	-0.2597	1.8403			0.5671	0.0000	0	-1	DSB		0	0
gridss74f_3659b	1208	352	PROXIMITY-1207	false	false	false	NONE	NONE	-0.1890	1.7678			0.5671	0.0000	0	-1	DSB		0	0
purple_29	1225	353		false	false	false	NONE	NONE	-0.2137	0.2497	UGT2B4		0.3155	0.0000	0	-1	ISOLATED_BE		0	0
purple_30	1226	354		false	false	false	NONE	NONE	-0.1660	0.3120			0.3852	0.0000	0	-1	ISOLATED_BE		0	0
gridss77fb_10476o	1248	355		false	false	false	NONE	NONE	0.4790	0.4790	ARHGAP24	ARHGAP24	0.3186	0.3186	0	0	DSB	DSB	0	0
purple_31	1255	356		false	false	false	NONE	NONE	-0.1923	0.2483			0.4121	0.0000	0	-1	ISOLATED_BE		0	0
purple_32	1256	357		false	false	false	NONE	NONE	-0.2059	0.2379			0.6918	0.0000	0	-1	ISOLATED_BE		0	0
purple_33	1259	149		false	false	false	NONE	NONE	-0.1928	0.2748			0.0000	0.0000	0	-1	ISOLATED_BE		0	0
purple_34	1260	46		false	false	false	NONE	NONE	-0.1328	0.3348			0.0000	0.0000	0	-1	ISOLATED_BE		0	0
gridss79fb_195o	1261	358		false	false	false	NONE	NONE	0.5700	0.5700	STPG2	STPG2	0.2314	0.2314	0	0	DSB	DSB	0	0
gridss80fb_1744o	1277	359		false	false	false	NONE	NONE	0.4960	0.4960	COL25A1	COL25A1	0.6904	0.6904	0	0	DSB	DSB	0	0
gridss84fb_303o	1328	360		false	false	false	NONE	NONE	0.8150	0.8150	ARHGAP10	ARHGAP10	0.4440	0.4440	0	0	DSB	DSB	0	0
purple_35	1377	361		false	false	false	NONE	NONE	-0.1609	0.2609	GLRA3		0.4262	0.0000	0	-1	ISOLATED_BE		0	0
purple_36	1381	362		false	false	false	NONE	NONE	-0.1919	0.2199			0.3064	0.0000	0	-1	ISOLATED_BE		0	0
gridss88fb_2386o	1409	363		false	false	false	NONE	NONE	-0.0578	1.4836			0.1477	0.1477	0	0	DSB	DSB	0	0
gridss88fb_7144o	1429	364		false	false	false	NONE	NONE	0.4910	0.4910			0.0858	0.0858	0	0	DSB	DSB	0	0
gridss89bf_134o	1443	365	PROXIMITY-1444	false	false	false	NONE	NONE	-0.1237	1.6661	CTNND2	CTNND2	0.1294	0.1294	0	0	DSB	DSB	1	1
gridss89fb_5390o	1444	365	PROXIMITY-1443	false	false	false	NONE	NONE	-0.3746	1.2867	CTNND2	CTNND2	0.1294	0.1294	0	0	DSB	DSB	1	1
gridss89fb_6673o	1445	366		false	false	false	NONE	NONE	1.1200	1.1200			0.1062	0.1062	0	0	DSB	DSB	0	0
gridss89fb_8160o	1448	367		false	false	false	NONE	NONE	0.5840	0.5840			0.4292	0.4292	0	0	DSB	DSB	0	0
purple_37	1463	368		false	false	false	NONE	NONE	-0.2046	0.2119			0.3306	0.0000	0	-1	ISOLATED_BE		0	0
purple_38	1465	369		false	false	false	NONE	NONE	-0.2034	0.2124			0.3708	0.0000	0	-1	ISOLATED_BE		0	0
gridss91ff_105o	1471	370		false	false	true	NONE	NONE	-0.1948	0.2584	SNORA18	SNORA18	0.4924	0.4931	0	0	FOLDBACK	FOLDBACK	0	0
gridss91fb_12591o	1482	371		false	false	false	NONE	NONE	0.0144	1.8626	C5orf42	C5orf42	0.6676	0.6676	0	0	DSB	DSB	0	0
gridss92fb_4645o	1491	372		false	false	false	NONE	NONE	0.8980	2.7989	PRKAA1;SNORA57	PRKAA1;SNORA57	0.7048	0.7048	0	0	DSB	DSB	0	0
purple_39	1495	75		false	false	false	NONE	NONE	-0.1716	0.2636			0.0000	0.0000	0	-1	ISOLATED_BE		0	0
purple_40	1497	86		false	false	false	NONE	NONE	-0.1826	0.2526			0.0000	0.0000	0	-1	ISOLATED_BE		0	0
purple_41	1509	10		false	false	false	NONE	NONE	-0.0506	0.4466			0.0000	0.0000	0	-1	ISOLATED_BE		0	0
purple_42	1510	65		false	false	false	NONE	NONE	-0.2036	0.2936	SLC38A9		0.0000	0.0000	0	-1	ISOLATED_BE		0	0
gridss93b_3990b	1512	373	PROXIMITY-1513	false	false	false	NONE	NONE	-0.3448	1.5275			0.5832	0.0000	0	-1	DSB		0	0
gridss93f_4022b	1513	373	PROXIMITY-1512	false	false	false	NONE	NONE	-0.2441	1.7553			0.5832	0.0000	0	-1	DSB		0	0
purple_43	1522	374		false	false	false	NONE	NONE	-0.1755	0.2495			0.5316	0.0000	0	-1	ISOLATED_BE		0	0
purple_44	1523	26		false	false	false	NONE	NONE	-0.1898	0.2278			0.0000	0.0000	0	-1	ISOLATED_BE		0	0
purple_45	1554	28		false	false	false	NONE	NONE	-0.1203	0.3443	CTD-2260A17.2;ERAP2		0.0000	0.0000	0	-1	ISOLATED_BE		0	0
purple_46	1555	375		false	false	false	NONE	NONE	-0.0513	0.4133	CTD-2215E18.1		0.5935	0.0000	0	-1	ISOLATED_BE		0	0
purple_47	1556	30		false	false	false	NONE	NONE	-0.1607	0.2587	AC008834.1		0.0000	0.0000	0	-1	ISOLATED_BE		0	0
purple_48	1557	135		false	false	false	NONE	NONE	-0.1302	0.2962			0.0000	0.0000	0	-1	ISOLATED_BE		0	0
gridss98fb_9021o	1563	376		false	false	false	NONE	NONE	0.7949	1.1489	RP11-6N13.1;CTD-2374C24.1;RAB9BP1	RP11-6N13.1;CTD-2374C24.1	0.3000	0.3033	0	1	ISOLATED_BE	ISOLATED_BE	0	0
gridss99ff_103o	1570	88		false	false	false	NONE	NONE	-0.0966	0.2042			0.0000	0.0000	0	0	SAME_ORIENT	SAME_ORIENT	0	0
gridss21ff_481o	1578	9		false	false	false	NONE	NONE	-0.1690	0.4708	PTPN14;RP11-365D23.4	ATG12;AP3S1	0.0000	0.0000	0	1	ISOLATED_BE	ISOLATED_BE	0	0
gridss100fb_2380o	1584	377		false	false	false	NONE	NONE	0.2218	2.0983			0.3528	0.3528	0	0	DSB	DSB	0	0
gridss106fb_997o	1663	378		false	false	false	NONE	NONE	0.5200	0.5200			0.3063	0.3063	0	0	DSB	DSB	0	0
purple_49	1680	94		false	false	false	NONE	NONE	-0.1994	0.2874			0.0000	0.0000	0	-1	ISOLATED_BE		0	0
purple_50	1681	68		false	false	false	NONE	NONE	-0.1504	0.3364			0.0000	0.0000	0	-1	ISOLATED_BE		0	0
purple_51	1694	142		false	false	false	NONE	NONE	-0.1330	0.2870			0.0000	0.0000	0	-1	ISOLATED_BE		0	0
purple_52	1696	155		false	false	false	NONE	NONE	-0.1286	0.2926			0.0000	0.0000	0	-1	ISOLATED_BE		0	0
gridss107fb_6587o	1704	379		false	false	false	NONE	NONE	0.5460	0.5460	ELOVL2	ELOVL2	0.6006	0.6006	0	0	DSB	DSB	0	0
purple_53	1730	18		false	false	false	NONE	NONE	-0.0990	0.3250	LINC00243		0.0000	0.0000	0	-1	ISOLATED_BE		0	0
purple_54	1731	31		false	false	false	NONE	NONE	-0.1870	0.2370	MTCO3P1;XXbac-BPG254F23.7		0.0000	0.0000	0	-1	ISOLATED_BE		0	0
gridss110b_2955b	1747	380	PROXIMITY-1748	false	false	false	NONE	NONE	0.1302	2.7874	DAAM2	LRP1;MIR1228	0.1261	0.0000	0	-1	DSB		0	0
unbalanced_8	1748	380	PROXIMITY-1747	false	false	false	NONE	NONE	-0.3857	3.5657	DAAM2		0.1261	0.0000	0	-1	DSB		0	0
gridss110b_3583b	1750	381	PROXIMITY-1751	false	false	false	NONE	NONE	0.0390	2.2073			0.3350	0.0000	0	-1	DSB		0	0
gridss110f_3568b	1751	381	PROXIMITY-1750	false	false	false	NONE	NONE	-0.2648	1.9998		COL8A1;AC055723.1	0.3350	0.0000	0	-1	DSB		0	0
gridss110fb_10042o	1755	382		false	false	false	NONE	NONE	0.4560	0.4560	DLK2;RNU6-1113P	DLK2;RNU6-1113P	0.7446	0.7446	0	0	DSB	DSB	0	0
gridss110f_6725b	1756	79		false	false	false	NONE	NONE	-0.1700	0.4310	RP5-1120P11.1	RP5-1120P11.1;RP5-1120P11.1;RP5-1120P11.1;RP5-1120P11.1	0.0000	0.0000	0	-1	ISOLATED_BE		0	0
purple_55	1764	115		false	false	false	NONE	NONE	-0.0982	0.3282	CLIC5		0.0000	0.0000	0	-1	ISOLATED_BE		0	0
purple_56	1766	112		false	false	false	NONE	NONE	-0.1892	0.2172	TNFRSF21		0.0000	0.0000	0	-1	ISOLATED_BE		0	0
gridss113b_1162b	1800	383	PROXIMITY-1801	false	false	false	NONE	NONE	-0.3517	1.4960			0.2653	0.0000	0	-1	DSB		0	0
gridss113f_1158b	1801	383	PROXIMITY-1800	false	false	false	NONE	NONE	-0.3184	1.5665		DNAH5;CTB-51A17.1	0.2653	0.0000	0	-1	DSB		0	0
gridss113bf_229o	1805	384		false	false	false	NONE	NONE	-0.3036	1.5034			0.7108	0.7108	0	0	SIMPLE_DUP	SIMPLE_DUP	0	0
gridss114fb_3505o	1818	385		false	false	false	NONE	NONE	0.8016	1.1562			0.3635	0.3585	0	1	ISOLATED_BE	ISOLATED_BE	0	0
gridss114fb_9760o	1822	386		false	false	false	NONE	NONE	1.0300	1.0300	UBE3D	UBE3D	0.5063	0.5063	0	0	DSB	DSB	0	0
purple_57	1824	118		false	false	false	NONE	NONE	-0.1613	0.3073			0.0000	0.0000	0	-1	ISOLATED_BE		0	0
purple_58	1825	54		false	false	false	NONE	NONE	-0.1663	0.3023			0.0000	0.0000	0	-1	ISOLATED_BE		0	0
purple_59	1826	85		false	false	false	NONE	NONE	-0.1244	0.3044			0.0000	0.0000	0	-1	ISOLATED_BE		0	0
purple_60	1827	59		false	false	false	NONE	NONE	-0.1244	0.3044	RP1-253B10.2		0.0000	0.0000	0	-1	ISOLATED_BE		0	0
gridss115f_2829b	1829	103		false	false	false	NONE	NONE	-0.2164	0.2804	CASP8AP2;RP11-63K6.4	RBM18;MRRF	0.0000	0.0000	0	-1	ISOLATED_BE		0	0
purple_61	1832	74		false	false	false	NONE	NONE	-0.1953	0.2193			0.0000	0.0000	0	-1	ISOLATED_BE		0	0
purple_62	1835	148		false	false	false	NONE	NONE	-0.2012	0.2120			0.0000	0.0000	0	-1	ISOLATED_BE		0	0
gridss115fb_10089o	1836	387		false	false	false	NONE	NONE	0.9570	0.9570			0.4034	0.4034	0	0	DSB	DSB	0	0
gridss115ff_506o	1837	388	FOLDBACKS-1956	false	false	true	NONE	NONE	-0.1665	0.2143			0.3877	0.3877	0	0	FOLDBACK	FOLDBACK	0	0
purple_63	1876	389		false	false	false	NONE	NONE	-0.1307	0.2867			0.5756	0.0000	0	-1	ISOLATED_BE		0	0
purple_64	1879	390		false	false	false	NONE	NONE	-0.1916	0.2296	CENPW		0.5899	0.0000	0	-1	ISOLATED_BE		0	0
purple_65	1883	62		false	false	false	NONE	NONE	-0.2038	0.2258	RP11-73O6.3;SAMD3		0.0000	0.0000	0	-1	ISOLATED_BE		0	0
purple_66	1885	123		false	false	false	NONE	NONE	-0.1128	0.3168	EPB41L2		0.0000	0.0000	0	-1	ISOLATED_BE		0	0
gridss120fb_9198o	1897	391		false	false	false	NONE	NONE	0.2854	2.1566	HIVEP2	HIVEP2	0.6417	0.6414	0	0	DSB	DSB	0	0
gridss121fb_1062o	1900	392		false	false	false	NONE	NONE	0.5700	0.5700	ADGB	ADGB	0.5483	0.5483	0	0	DSB	DSB	0	0
purple_67	1901	5		false	false	false	NONE	NONE	0.5659	1.1481	STXBP5		0.0000	0.0000	0	-1	ISOLATED_BE		0	0
purple_68	1904	93		false	false	false	NONE	NONE	0.5925	1.1795	RP11-461H3.2		0.0000	0.0000	0	-1	ISOLATED_BE		0	0
purple_69	1907	41		false	false	false	NONE	NONE	-0.2044	0.2344	GINM1		0.0000	0.0000	0	-1	ISOLATED_BE		0	0
purple_70	1908	129		false	false	false	NONE	NONE	-0.1774	0.2614			0.0000	0.0000	0	-1	ISOLATED_BE		0	0
gridss121fb_14068o	1918	393		false	false	false	NONE	NONE	0.6590	0.6590			0.4031	0.4031	0	0	DSB	DSB	0	0
gridss122fb_8764o	1932	394		true	true	false	NONE	NONE	0.8280	0.8280	PARK2	PARK2	0.0897	0.0897	0	0	DSB	DSB	0	0
gridss122fb_9585o	1934	395		false	false	false	NONE	NONE	0.7530	0.7530	PACRG;RP11-157L10.1	PACRG;RP11-157L10.1	0.1253	0.1253	0	0	DSB	DSB	0	0
gridss123bf_96o	1948	396		false	false	false	NONE	NONE	-0.2643	1.4306			0.2970	0.2970	0	0	SIMPLE_DUP	SIMPLE_DUP	0	0
gridss123fb_3217o	1949	397		false	false	false	NONE	NONE	-0.4689	1.1184			0.2945	0.2945	0	0	DSB	DSB	0	0
gridss123bb_192o	1956	388	FOLDBACKS-1837	false	false	true	NONE	NONE	-0.1723	0.3153		FAM120B	0.3550	0.4137	1	1	FOLDBACK	FOLDBACK	0	0
gridss123fb_8641o	1972	399		false	false	false	NONE	NONE	0.7580	0.7580			0.7052	0.7052	0	0	DSB	DSB	0	0
gridss124fb_8435o	1991	400		false	false	false	NONE	NONE	0.7416	1.0566		THSD7A	0.3740	0.3343	0	1	ISOLATED_BE	ISOLATED_BE	0	0
purple_71	2000	137		false	false	false	NONE	NONE	-0.1780	0.2460			0.0000	0.0000	0	-1	ISOLATED_BE		0	0
purple_72	2002	80		false	false	false	NONE	NONE	-0.1890	0.2350	HDAC9		0.0000	0.0000	0	-1	ISOLATED_BE		0	0
gridss125fb_6585o	2003	401		false	false	false	NONE	NONE	0.4290	0.4290	TMEM196;AC004543.1	TMEM196;AC004543.1	0.2908	0.2908	0	0	DSB	DSB	0	0
purple_73	2024	402		false	false	false	NONE	NONE	-0.1995	0.2295			0.4901	0.0000	0	-1	ISOLATED_BE		0	0
purple_74	2025	403		false	false	false	NONE	NONE	-0.1860	0.2400	EPDR1;NME8		0.5066	0.0000	0	-1	ISOLATED_BE		0	0
gridss127fb_10882o	2031	404		false	false	false	NONE	NONE	0.7560	0.7560			0.3983	0.3983	0	0	DSB	DSB	0	0
purple_75	2065	121		false	false	false	NONE	NONE	-0.1007	0.3107	RP5-945F2.3		0.0000	0.0000	0	-1	ISOLATED_BE		0	0
purple_76	2066	150		false	false	false	NONE	NONE	-0.1501	0.2501			0.0000	0.0000	0	-1	ISOLATED_BE		0	0
gridss130fb_6977o	2070	406		false	false	false	NONE	NONE	0.7880	0.7880			0.0868	0.0868	0	0	DSB	DSB	0	0
gridss130fb_9616o	2075	407		false	false	false	NONE	NONE	0.6480	0.6480	GTF2IRD2P1	GTF2IRD2P1	0.7102	0.7102	0	0	DSB	DSB	0	0
gridss130bf_62o	2079	405		false	false	false	NONE	NONE	0.0000	0.8920	KCTD7;RABGEF1		0.7335	0.7205	0	1	ISOLATED_BE	ISOLATED_BE	0	0
gridss131fb_8567o	2096	408		false	false	false	NONE	NONE	0.3400	0.3400	CACNA2D1	CACNA2D1	0.4177	0.4177	0	0	DSB	DSB	0	0
purple_77	2102	409		false	false	false	NONE	NONE	-0.0869	0.3309			0.2503	0.0000	0	-1	ISOLATED_BE		0	0
purple_78	2103	132		false	false	false	NONE	NONE	1.4682	2.0918			0.0000	0.0000	0	-1	ISOLATED_BE		0	0
purple_79	2104	7		false	false	false	NONE	NONE	1.5221	2.1579			0.0000	0.0000	0	-1	ISOLATED_BE		0	0
purple_80	2106	125		false	false	false	NONE	NONE	-0.2184	0.2210	ADAM22		0.0000	0.0000	0	-1	ISOLATED_BE		0	0
purple_81	2107	109		false	false	false	NONE	NONE	-0.1967	0.2427	ADAM22		0.0000	0.0000	0	-1	ISOLATED_BE		0	0
purple_82	2120	90		false	false	false	NONE	NONE	-0.1655	0.2595			0.0000	0.0000	0	-1	ISOLATED_BE		0	0
purple_83	2121	34		false	false	false	NONE	NONE	-0.0817	0.3617	BAIAP2L1;RPS3AP26		0.0000	0.0000	0	-1	ISOLATED_BE		0	0
gridss133fb_9728o	2132	410		false	false	false	NONE	NONE	0.5680	0.5680	ALKBH4;POLR2J;AC093668.3	ALKBH4;POLR2J;AC093668.3	0.7872	0.7872	0	0	DSB	DSB	0	0
purple_84	2143	411		false	false	false	NONE	NONE	-0.1270	0.3030			0.2874	0.0000	0	-1	ISOLATED_BE		0	0
purple_85	2145	412		false	false	false	NONE	NONE	-0.1762	0.2362			0.3311	0.0000	0	-1	ISOLATED_BE		0	0
purple_86	2154	69		false	false	false	NONE	NONE	-0.1377	0.2737			0.0000	0.0000	0	-1	ISOLATED_BE		0	0
purple_87	2155	70		false	false	false	NONE	NONE	-0.1539	0.2539			0.0000	0.0000	0	-1	ISOLATED_BE		0	0
purple_88	2161	138		false	false	false	NONE	NONE	-0.0206	0.4426	CPED1		0.0000	0.0000	0	-1	ISOLATED_BE		0	0
purple_89	2162	83		false	false	false	NONE	NONE	-0.1346	0.3286	CPED1		0.0000	0.0000	0	-1	ISOLATED_BE		0	0
gridss136bb_499o	2186	84		false	false	false	NONE	NONE	-0.0858	0.1995			0.0000	0.0000	0	0	SAME_ORIENT	SAME_ORIENT	0	0
gridss137ff_427o	2194	413	LOH-2196	false	false	true	NONE	NONE	-0.1793	0.2418	TRBV24-1	TRBV24-1	0.3666	0.3662	0	0	FOLDBACK	FOLDBACK	0	0
purple_90	2196	413	LOH-2194	false	false	false	NONE	NONE	-0.2062	0.2642	PRSS1		0.3046	0.0000	1	-1	ISOLATED_BE		0	0
purple_91	2244	145		false	false	false	NONE	NONE	1.2724	2.1276			0.0000	0.0000	0	-1	ISOLATED_BE		0	0
purple_92	2245	128		false	false	false	NONE	NONE	1.3624	2.2176			0.0000	0.0000	0	-1	ISOLATED_BE		0	0
gridss141fb_258o	2271	415		false	false	false	NONE	NONE	0.5060	0.5060			0.4299	0.4299	0	0	DSB	DSB	0	0
purple_93	2310	76		false	false	false	NONE	NONE	-0.0304	0.3984			0.0000	0.0000	0	-1	ISOLATED_BE		0	0
purple_94	2312	116		false	false	false	NONE	NONE	-0.0296	0.3996	UNC5D		0.0000	0.0000	0	-1	ISOLATED_BE		0	0
gridss144fb_3812o	2322	416		false	false	false	NONE	NONE	0.8310	0.8310			0.4021	0.4021	0	0	DSB	DSB	0	0
gridss145fb_5898o	2335	417		false	false	false	NONE	NONE	0.7550	0.7550	TOX	TOX	0.5284	0.5284	0	0	DSB	DSB	0	0
gridss146fb_1942o	2344	418		false	false	false	NONE	NONE	0.4190	0.4190	DNAJC5B	DNAJC5B	0.7179	0.7179	0	0	DSB	DSB	0	0
gridss146fb_6138o	2345	419		false	false	false	NONE	NONE	1.6000	1.6000			0.4237	0.4237	0	0	DSB	DSB	0	0
purple_95	2346	126		false	false	false	NONE	NONE	0.4862	1.1298	SLCO5A1		0.0000	0.0000	0	-1	ISOLATED_BE		0	0
purple_96	2347	140		false	false	false	NONE	NONE	0.4712	1.1148			0.0000	0.0000	0	-1	ISOLATED_BE		0	0
gridss148bb_44o	2366	420	PROXIMITY-2367	false	false	false	NONE	NONE	-0.1836	1.9039	CA13	CA13	0.2988	0.2988	0	0	DSB	DSB	1	1
gridss148ff_33o	2367	420	PROXIMITY-2366	false	false	false	NONE	NONE	-0.1684	1.9454	CA13	CA13	0.2988	0.2988	0	0	DSB	DSB	1	1
gridss149fb_4146o	2390	421		false	false	false	NONE	NONE	0.9250	0.9250			0.4865	0.4865	0	0	DSB	DSB	0	0
gridss26fb_333324o	2392	274	PROXIMITY-437	false	false	false	NONE	NONE	1.2937	10.1266	RNU5E-7P	SPAG1	0.2183	0.7119	33	50	COMPLEX_OTHER	TI_ONLY	0	1
unbalanced_9	2393	274	PROXIMITY-2392	false	false	false	NONE	NONE	1.4620	10.6780	SPAG1		0.7119	0.0000	50	-1	TI_ONLY		1	0
gridss150fb_9057o	2404	422		false	false	false	NONE	NONE	1.4564	2.3248			0.1394	0.1392	0	0	DSB	DSB	0	0
purple_97	2410	61		false	false	false	NONE	NONE	1.4709	2.1491			0.0000	0.0000	0	-1	ISOLATED_BE		0	0
purple_98	2411	143		false	false	false	NONE	NONE	1.5524	2.2476			0.0000	0.0000	0	-1	ISOLATED_BE		0	0
gridss47bf_152o	2412	92		false	false	false	NONE	NONE	-0.2193	0.3043	ACSL3	TRPS1	0.0000	0.0000	0	1	ISOLATED_BE	ISOLATED_BE	0	0
gridss151fb_4772o	2415	423		false	false	false	NONE	NONE	1.4600	1.4600	EXT1	EXT1	0.5541	0.5541	0	0	DSB	DSB	0	0
gridss151fb_6502o	2419	424		false	false	false	NONE	NONE	1.0300	1.0300			0.7034	0.7034	0	0	DSB	DSB	0	0
gridss151fb_11017o	2422	425		false	false	false	NONE	NONE	0.3320	0.3320			0.4294	0.4294	0	0	DSB	DSB	0	0
purple_99	2433	67		false	false	false	NONE	NONE	-0.0880	0.3380			0.0000	0.0000	0	-1	ISOLATED_BE		0	0
purple_100	2435	152		false	false	false	NONE	NONE	-0.1356	0.2796			0.0000	0.0000	0	-1	ISOLATED_BE		0	0
purple_101	2442	106		false	false	false	NONE	NONE	-0.1587	0.2747			0.0000	0.0000	0	-1	ISOLATED_BE		0	0
purple_102	2443	22		false	false	false	NONE	NONE	-0.2019	0.2219	RP11-149P24.1		0.0000	0.0000	0	-1	ISOLATED_BE		0	0
purple_103	2456	426		false	false	false	NONE	NONE	0.0151	0.4849	AGO2		0.7578	0.0000	0	-1	ISOLATED_BE		0	0
purple_104	2458	427		false	false	false	NONE	NONE	-0.2328	0.2375	PTK2		0.7777	0.0000	0	-1	ISOLATED_BE		0	0
gridss153f_5147b	2461	60		false	false	false	NONE	NONE	-0.0816	0.3755			0.0000	0.0000	0	-1	ISOLATED_BE		0	0
gridss153fb_10494o	2465	428		false	false	false	NONE	NONE	-0.0655	1.7319			0.4231	0.4231	0	0	DSB	DSB	0	0
gridss154bb_362o	2485	97		false	false	false	NONE	NONE	-0.1275	0.2053			0.0000	0.0000	0	0	SAME_ORIENT	SAME_ORIENT	0	0
purple_105	2491	433	LOH-2494	true	false	false	NONE	NONE	0.4707	0.8933	PTPRD;RP11-75C9.2		0.0655	0.0000	0	-1	ISOLATED_BE		0	0
purple_106	2492	51		true	false	false	NONE	NONE	0.3090	0.6710	PTPRD		0.0000	0.0000	0	-1	ISOLATED_BE		0	0
purple_107	2493	47		true	false	false	NONE	NONE	0.3100	0.6720	PTPRD		0.0000	0.0000	0	-1	ISOLATED_BE		0	0
gridss155bb_32o	2494	433	LOH-2491	true	true	true	NONE	NONE	-0.2954	1.3233	PTPRD	PTPRD	0.0717	0.0717	1	1	FOLDBACK	FOLDBACK	0	0
gridss155ff_39o	2495	56		true	true	false	NONE	NONE	-0.5020	1.3164	PTPRD	PTPRD	0.0000	0.0000	0	0	SAME_ORIENT	SAME_ORIENT	0	0
gridss157b_617b	2523	435	PROXIMITY-2524	false	false	false	NONE	NONE	-0.1000	2.6496			0.3410	0.0000	0	-1	DSB		0	0
unbalanced_10	2524	435	PROXIMITY-2523	false	false	false	NONE	NONE	-0.5284	3.1084			0.3410	0.0000	0	-1	DSB		0	0
purple_108	2530	95		false	false	false	NONE	NONE	-0.1945	0.2205			0.0000	0.0000	0	-1	ISOLATED_BE		0	0
purple_109	2532	117		false	false	false	NONE	NONE	0.0008	0.4592			0.0000	0.0000	0	-1	ISOLATED_BE		0	0
gridss163b_6662b	2591	436	PROXIMITY-2592	false	false	false	NONE	NONE	-0.2331	1.7691	FBP1		0.7107	0.0000	0	-1	DSB		0	0
gridss163f_6565b	2592	436	PROXIMITY-2591	false	false	false	NONE	NONE	-0.1788	1.7315	FBP1	CDH18;RP11-30J20.1;GPCPD1	0.7107	0.0000	0	-1	DSB		0	0
gridss164fb_7873o	2603	437		false	false	false	NONE	NONE	0.5000	0.5000			0.1309	0.1309	0	0	DSB	DSB	0	0
purple_110	2645	13		false	false	false	NONE	NONE	-0.0949	0.3809	DAB2IP		0.0000	0.0000	0	-1	ISOLATED_BE		0	0
purple_111	2648	98		false	false	false	NONE	NONE	-0.1799	0.2959	TTLL11;TTLL11-IT1		0.0000	0.0000	0	-1	ISOLATED_BE		0	0
gridss167fb_872o	2657	438		false	false	false	NONE	NONE	-0.4421	1.2121	LMX1B	LMX1B	0.6160	0.6160	0	0	DSB	DSB	0	0
gridss167b_8397b	2672	439	PROXIMITY-2673	false	false	false	NONE	NONE	0.2145	4.2130	LCN1P2		0.6496	0.0000	0	-1	DSB		0	0
unbalanced_11	2673	439	PROXIMITY-2672	false	false	false	NONE	NONE	-0.3566	4.5966	LCN1P2		0.6496	0.0000	0	-1	DSB		0	0
gridss167b_9734b	2677	6		false	false	false	NONE	NONE	-0.1372	0.2625	RXRA		0.0000	0.0000	0	-1	ISOLATED_BE		0	0
gridss168bf_224o	2709	447		false	false	false	NONE	NONE	-0.0852	1.6843	RP11-298E9.6	RP11-298E9.6	0.5378	0.5368	0	0	SIMPLE_DUP	SIMPLE_DUP	0	0
gridss170fb_7189o	2741	448		false	false	false	NONE	NONE	0.1765	1.9635	ARMC3	ARMC3	0.5497	0.5497	0	0	DSB	DSB	0	0
gridss172fb_6589o	2768	449		false	false	false	NONE	NONE	0.3660	0.3660	LINC00842	LINC00842	0.5978	0.5978	0	0	DSB	DSB	0	0
gridss174f_507b	2783	63		false	false	false	NONE	NONE	0.0000	0.3720		BANK1;RP11-347E10.1	0.0000	0.0000	0	-1	ISOLATED_BE		0	0
gridss181fb_7765o	2884	450		false	false	false	NONE	NONE	0.4620	0.4620			0.2867	0.2867	0	0	DSB	DSB	0	0
gridss181fb_8546o	2891	451		false	false	false	NONE	NONE	0.6400	0.6400			0.7112	0.7112	0	0	DSB	DSB	0	0
gridss181fb_9707o	2894	452		false	false	false	NONE	NONE	0.5620	0.5620			0.5050	0.5050	0	0	DSB	DSB	0	0
gridss182fb_3036o	2910	156		false	false	false	NONE	NONE	0.2720	0.2720	HBG2;AC087380.14	HBG2;UBQLN3;UBQLNL;AC087380.14	0.2507	0.2507	0	0	DSB	DSB	0	0
gridss183f_2623b	2921	21		false	false	false	NONE	NONE	-0.0409	0.2378	MIR3159	WDHD1;AL160471.6;KIF5C	0.0000	0.0000	0	-1	ISOLATED_BE		0	0
purple_112	2941	157		false	false	false	NONE	NONE	0.7432	1.1348	LRRC4C		0.0794	0.0000	0	-1	ISOLATED_BE		0	0
gridss186fb_7002o	2952	158		false	false	false	NONE	NONE	1.0800	1.0800	CKAP5	CKAP5;SNORD67;SNORD67	0.7803	0.7803	0	0	DSB	DSB	0	0
purple_113	2955	159		false	false	false	NONE	NONE	-0.1424	0.2584	CELF1		0.7676	0.0000	0	-1	ISOLATED_BE		0	0
purple_114	2964	160		false	false	false	NONE	NONE	-0.1419	0.2879			0.1480	0.0000	0	-1	ISOLATED_BE		0	0
gridss188f_7907b	2986	161	PROXIMITY-2987	false	false	false	NONE	NONE	-0.1058	2.7435		SMARCC1;IRAK1BP1	0.7105	0.0000	0	-1	DSB		0	0
unbalanced_12	2987	161	PROXIMITY-2986	false	false	false	NONE	NONE	-0.5214	3.3814			0.7105	0.0000	0	-1	DSB		0	0
gridss37bf_299o	2989	162	PROXIMITY-631	false	false	false	NONE	NONE	-0.0499	0.4557			0.6704	0.6109	1	0	DSB	ISOLATED_BE	0	0
gridss190bb_89o	3012	163	PROXIMITY-3013	false	false	false	NONE	NONE	-0.4984	1.1239	DLG2;RP11-160H12.2	DLG2;RP11-160H12.2	0.7282	0.7282	0	0	TI_ONLY	TI_ONLY	2	2
gridss190ff_104o	3013	163	PROXIMITY-3012	false	false	false	NONE	NONE	-0.4751	1.1640	DLG2;RP11-160H12.2	DLG2;RP11-160H12.2	0.7282	0.7282	0	0	TI_ONLY	TI_ONLY	2	2
purple_115	3051	53		false	false	false	NONE	NONE	-0.1330	0.3090	DYNC2H1		0.0000	0.0000	0	-1	ISOLATED_BE		0	0
purple_116	3053	38		false	false	false	NONE	NONE	-0.1400	0.3020			0.0000	0.0000	0	-1	ISOLATED_BE		0	0
gridss195f_4390b	3121	169	PROXIMITY-3122	false	false	false	NONE	NONE	0.0709	3.2233	CACNA1C		0.3353	0.0000	0	-1	DSB		0	0
unbalanced_14	3122	169	PROXIMITY-3121	false	false	false	NONE	NONE	-0.4909	3.6309	CACNA1C		0.3353	0.0000	0	-1	DSB		0	0
gridss196fb_1170o	3128	170		false	false	false	NONE	NONE	-0.3772	1.3001	EMG1;LPCAT3;C1S	EMG1;LPCAT3;C1S	0.7869	0.7869	0	0	DSB	DSB	0	0
gridss196f_3973b	3137	171		false	false	false	NONE	NONE	-0.2140	0.2544			0.7297	0.0000	0	-1	ISOLATED_BE		0	0
purple_117	3175	172		false	false	false	NONE	NONE	-0.0377	0.3817	ALG10B		0.5748	0.0000	0	-1	ISOLATED_BE		0	0
gridss200bf_30o	3187	173		false	false	false	NONE	NONE	0.8096	1.5680	PCED1B;RP11-23J18.1	PCED1B	0.6160	0.6139	0	1	ISOLATED_BE	ISOLATED_BE	0	0
gridss200ff_158o	3188	174		false	false	true	NONE	NONE	-0.1319	0.2222			0.7487	0.7487	0	0	FOLDBACK	FOLDBACK	0	0
gridss200fb_12172o	3196	175		false	false	false	NONE	NONE	0.7330	0.7330	PPP1R1A	PPP1R1A	0.6340	0.6340	0	0	DSB	DSB	0	0
gridss25bb_692o	3200	176	COMMON_ARMS-3201	false	false	false	NONE	NONE	0.7022	1.1810	C2orf48;SNORA2	RDH16	0.7571	0.6697	2	0	ISOLATED_BE	ISOLATED_BE	0	0
gridss26ff_47o	3201	176	COMMON_ARMS-3200	false	false	false	NONE	NONE	0.6980	1.1892	ATP6V1C2	TMEM194A	0.7388	0.7741	3	1	ISOLATED_BE	ISOLATED_BE	0	0
purple_118	3204	49		false	false	false	NONE	NONE	0.1766	0.7494			0.0000	0.0000	0	-1	ISOLATED_BE		0	0
purple_119	3205	0		false	false	false	NONE	NONE	0.3816	0.9544			0.0000	0.0000	0	-1	ISOLATED_BE		0	0
gridss201b_4491b	3211	178	PROXIMITY-3212	false	false	false	NONE	NONE	-0.1162	2.3584		PHACTR1	0.2878	0.0000	0	-1	DSB		0	0
gridss201f_4522b	3212	178	PROXIMITY-3211	false	false	false	NONE	NONE	-0.0385	2.2649		PSMD12;SPAG1;VN1R69P;RP11-244B22.11;RP11-281P23.2	0.2878	0.0000	0	-1	DSB		0	0
gridss201b_5316b	3214	179	PROXIMITY-3215	false	false	false	NONE	NONE	-0.3323	1.7663	PPM1H	DLG2;FGF14;RP11-444A22.1;HS1BP3;GDF7;ATP8A2	0.6642	0.0000	0	-1	DSB		0	0
gridss201f_5380b	3215	179	PROXIMITY-3214	false	false	false	NONE	NONE	-0.1193	2.1790	PPM1H	STRN3	0.6642	0.0000	0	-1	DSB		0	0
gridss140ff_230o	3218	11		false	false	false	NONE	NONE	0.0000	0.2220	SOX7;SOX7;CTD-2135J3.3		0.0000	0.0000	1	0	ISOLATED_BE	ISOLATED_BE	0	0
gridss202bf_42o	3220	180		false	false	false	NONE	NONE	1.1083	1.6154	RAP1B;RP11-254B13.3	BEST3	0.7135	0.6889	0	1	ISOLATED_BE	ISOLATED_BE	0	0
gridss202fb_7594o	3225	181		false	false	false	NONE	NONE	0.6140	0.6140	TSPAN8	TSPAN8	0.5698	0.5698	0	0	DSB	DSB	0	0
gridss11ff_138o	3239	182	PROXIMITY-3240	false	false	false	NONE	NONE	-0.1925	0.2217	MOV10	MGAT4C	0.7043	0.4894	0	1	ISOLATED_BE	COMPLEX_OTHER	0	0
gridss204fb_420o	3240	182	PROXIMITY-3239	false	false	false	NONE	NONE	0.6970	0.6970	MGAT4C	MGAT4C	0.4894	0.4894	1	1	COMPLEX_OTHER	COMPLEX_OTHER	0	0
purple_120	3266	114		false	false	false	NONE	NONE	-0.1465	0.2825	ANKS1B		0.0000	0.0000	0	-1	ISOLATED_BE		0	0
purple_121	3267	55		false	false	false	NONE	NONE	-0.1895	0.2395	SCYL2		0.0000	0.0000	0	-1	ISOLATED_BE		0	0
purple_122	3282	183		false	false	false	NONE	NONE	0.2720	0.8540	ATP2A2		0.7825	0.0000	0	-1	ISOLATED_BE		0	0
gridss207fb_8991o	3298	184		false	false	false	NONE	NONE	-0.3053	1.4340	CLIP1;RP11-450K4.1	CLIP1;RP11-450K4.1	0.7727	0.7727	0	0	DSB	DSB	0	0
gridss208fb_4727o	3318	185		false	false	false	NONE	NONE	1.1600	1.1600	TMEM132D	TMEM132D	0.1180	0.1180	0	0	DSB	DSB	0	0
gridss212fb_5550o	3372	186		false	false	false	NONE	NONE	0.3920	0.3920			0.4366	0.4366	0	0	DSB	DSB	0	0
purple_123	3417	15		false	false	false	NONE	NONE	-0.1390	0.2790	LINC00355		0.0000	0.0000	0	-1	ISOLATED_BE		0	0
purple_124	3418	141		false	false	false	NONE	NONE	-0.1579	0.2559			0.0000	0.0000	0	-1	ISOLATED_BE		0	0
gridss216fb_24o	3426	187		false	false	false	NONE	NONE	0.7880	0.7880	DACH1;H3F3BP1	DACH1;H3F3BP1	0.1322	0.1322	0	0	DSB	DSB	0	0
gridss216fb_6020o	3439	188		false	false	false	NONE	NONE	0.7450	0.7450			0.4340	0.4340	0	0	DSB	DSB	0	0
gridss217fb_1671o	3453	189		false	false	false	NONE	NONE	0.5180	0.5180			0.4236	0.4236	0	0	DSB	DSB	0	0
purple_125	3482	130		false	false	false	NONE	NONE	-0.1175	0.2995			0.0000	0.0000	0	-1	ISOLATED_BE		0	0
purple_126	3483	39		false	false	false	NONE	NONE	-0.1805	0.2365	HS6ST3		0.0000	0.0000	0	-1	ISOLATED_BE		0	0
gridss218fb_10144o	3492	190		false	false	false	NONE	NONE	0.7930	0.7930			0.6776	0.6776	0	0	DSB	DSB	0	0
gridss219b_1514b	3503	32		false	false	false	NONE	NONE	-0.1879	0.2428			0.0000	0.0000	0	-1	ISOLATED_BE		0	0
gridss219fb_10153o	3514	191		false	false	false	NONE	NONE	0.4090	0.4090	MYO16	MYO16	0.6799	0.6799	0	0	DSB	DSB	0	0
purple_127	3547	48		false	false	false	NONE	NONE	-0.0066	0.4186			0.0000	0.0000	0	-1	ISOLATED_BE		0	0
purple_128	3548	110		false	false	false	NONE	NONE	-0.0551	0.3591	RP11-314P15.2		0.0000	0.0000	0	-1	ISOLATED_BE		0	0
purple_129	3573	99		false	false	false	NONE	NONE	-0.1588	0.2588			0.0000	0.0000	0	-1	ISOLATED_BE		0	0
purple_130	3576	14		false	false	false	NONE	NONE	-0.1040	0.3260	LINC00871		0.0000	0.0000	0	-1	ISOLATED_BE		0	0
purple_131	3586	2		false	false	false	NONE	NONE	0.7238	1.1662	TXNDC16;GPR137C		0.0000	0.0000	0	-1	ISOLATED_BE		0	0
purple_132	3588	29		false	false	false	NONE	NONE	0.7436	1.1904			0.0000	0.0000	0	-1	ISOLATED_BE		0	0
purple_133	3590	58		false	false	false	NONE	NONE	-0.1223	0.3343	PELI2		0.0000	0.0000	0	-1	ISOLATED_BE		0	0
purple_134	3591	52		false	false	false	NONE	NONE	-0.1737	0.2717	RP11-930O11.1		0.0000	0.0000	0	-1	ISOLATED_BE		0	0
gridss227fb_8950o	3614	192		false	false	false	NONE	NONE	1.1900	1.1900	ZFYVE1	ZFYVE1	0.7348	0.7348	0	0	DSB	DSB	0	0
gridss26fb_283478o	3615	274	PROXIMITY-3616;MAJOR_ALLELE_JCN-428	false	false	false	NONE	NONE	0.6108	6.5279			0.3639	0.7343	27	46	ISOLATED_BE	TI_ONLY	0	1
unbalanced_15	3616	274	PROXIMITY-3615	false	false	false	NONE	NONE	0.3238	6.6562			0.7343	0.0000	46	-1	TI_ONLY		1	0
purple_135	3617	40		false	false	false	NONE	NONE	-0.1324	0.3324	LTBP2		0.0000	0.0000	0	-1	ISOLATED_BE		0	0
purple_136	3618	45		false	false	false	NONE	NONE	0.0166	0.4814			0.0000	0.0000	0	-1	ISOLATED_BE		0	0
gridss229f_2735b	3640	194	PROXIMITY-3641	false	false	false	NONE	NONE	6.7201	17.2676	LINC00642		0.6526	0.0000	0	-1	DSB		0	0
unbalanced_16	3641	194	PROXIMITY-3640	false	false	false	NONE	NONE	4.1459	20.3941	LINC00642		0.6526	0.0000	0	-1	DSB		0	0
gridss229b_3921b	3644	195	PROXIMITY-3645	false	false	false	NONE	NONE	-0.2876	1.7621	CATSPERB		0.5954	0.0000	0	-1	DSB		0	0
gridss229f_3807b	3645	195	PROXIMITY-3644	false	false	false	NONE	NONE	-0.2830	1.8960	CATSPERB	ATP13A4	0.5954	0.0000	0	-1	DSB		0	0
gridss230fb_12925o	3671	196		false	false	false	NONE	NONE	0.3280	0.3280			0.4741	0.4741	0	0	DSB	DSB	0	0
gridss233fb_5286o	3684	198		false	false	false	NONE	NONE	0.8750	0.8750			0.0953	0.0953	0	0	DSB	DSB	0	0
gridss234fb_5264o	3693	199		false	false	false	NONE	NONE	0.7660	0.7660	RYR3;RP11-3D4.3	RYR3;RP11-3D4.3	0.5681	0.5681	0	0	DSB	DSB	0	0
gridss169bb_310o	3709	35		false	false	false	NONE	NONE	0.2872	0.6130	FAM171A1;RP11-25G10.2	TP53BP1	0.0000	0.0000	1	0	ISOLATED_BE	ISOLATED_BE	0	0
gridss235bb_259o	3710	100		false	false	false	NONE	NONE	-0.1063	0.2900	FRMD5	FRMD5	0.0000	0.0000	0	0	SAME_ORIENT	SAME_ORIENT	0	0
gridss236f_4185b	3726	200	PROXIMITY-3727	false	false	false	NONE	NONE	-0.3524	1.5741	RP11-643A5.2		0.1199	0.0000	0	-1	DSB		0	0
gridss236b_4126b	3727	200	PROXIMITY-3726	false	false	false	NONE	NONE	-0.4989	1.2808	RP11-643A5.2	CBX3P8;RP11-973F15.2;MCM8	0.1199	0.0000	0	-1	DSB		0	0
gridss236fb_14989o	3734	201		false	false	false	NONE	NONE	1.6000	1.6000	LIPC	LIPC	0.6729	0.6729	0	0	DSB	DSB	0	0
gridss237fb_6448o	3741	202		false	false	false	NONE	NONE	1.0600	1.0600			0.6507	0.6507	0	0	DSB	DSB	0	0
gridss233fb_1596o	3763	197		false	false	false	NONE	NONE	0.0000	0.9520	RP11-26F2.1	RP11-60L3.1;CCDC33	0.6305	0.7243	0	1	ISOLATED_BE	ISOLATED_BE	0	0
gridss239b_1825b	3772	203	PROXIMITY-3773	false	false	false	NONE	NONE	0.0807	3.4873	C15orf26	RP11-586K2.1	0.3802	0.0000	0	-1	DSB		0	0
gridss239f_1872b	3773	203	PROXIMITY-3772	false	false	false	NONE	NONE	0.1356	3.2429	C15orf26		0.3802	0.0000	0	-1	DSB		0	0
gridss236bb_354o	3832	3		false	false	false	NONE	NONE	-0.1406	0.2048		RP11-420N3.2	0.0000	0.0000	0	1	ISOLATED_BE	ISOLATED_BE	0	0
purple_137	3843	81		false	false	false	NONE	NONE	-0.1489	0.3209	CTA-481E9.4;CTA-481E9.3		0.0000	0.0000	0	-1	ISOLATED_BE		0	0
purple_138	3845	89		false	false	false	NONE	NONE	-0.1779	0.2919			0.0000	0.0000	0	-1	ISOLATED_BE		0	0
gridss243f_6334b	3859	204	PROXIMITY-3860	false	false	false	NONE	NONE	-0.0102	2.3223	CACNG3	OR7D1P;SOX5;FAM120A	0.7095	0.0000	0	-1	DSB		0	0
unbalanced_17	3860	204	PROXIMITY-3859	false	false	false	NONE	NONE	-0.5844	2.9444	CACNG3		0.7095	0.0000	0	-1	DSB		0	0
purple_139	3874	66		false	false	false	NONE	NONE	1.1540	1.9260	RP11-170L3.5		0.0000	0.0000	0	-1	ISOLATED_BE		0	0
purple_140	3878	82		false	false	false	NONE	NONE	1.2440	2.0160			0.0000	0.0000	0	-1	ISOLATED_BE		0	0
purple_141	3879	205	CONSEC_BREAKS-3880	false	false	false	NONE	NONE	0.5922	1.2338	RP11-488I20.8;RARRES2P5		0.1128	0.0000	1	-1	ISOLATED_BE		0	0
gridss244ff_227o	3880	205	CONSEC_BREAKS-3879	false	false	false	NONE	NONE	0.0597	0.8421	RP11-244B22.13		0.1137	0.1215	0	2	ISOLATED_BE	ISOLATED_BE	0	0
gridss246b_4219b	3890	274	PROXIMITY-3891	false	false	false	NONE	NONE	-0.5789	2.2256			0.5408	0.0000	47	-1	DSB		0	0
gridss26ff_5440o	3891	274	PROXIMITY-3890;MAJOR_ALLELE_JCN-428	false	false	false	NONE	NONE	-0.7636	4.5352			0.2218	0.5408	32	47	ISOLATED_BE	DSB	0	0
gridss247f_4588b	3908	208	PROXIMITY-3909	false	false	false	NONE	NONE	0.8316	5.4113	RP11-430C1.1		0.1224	0.0000	0	-1	TI_ONLY		1	0
unbalanced_18	3909	208	PROXIMITY-3908	false	false	false	NONE	NONE	-0.4178	6.1178	RP11-430C1.1		0.1224	0.0000	0	-1	TI_ONLY		1	0
gridss247bb_371o	3913	209	PROXIMITY-3914	false	false	false	NONE	NONE	-0.6152	1.3085			0.4285	0.4285	0	0	TI_ONLY	TI_ONLY	2	2
gridss247bf_115o	3914	209	PROXIMITY-3913	false	false	true	NONE	NONE	-0.6376	1.2882			0.4285	0.4285	0	0	TI_ONLY	TI_ONLY	2	2
purple_142	3917	210		false	false	false	NONE	NONE	0.1255	0.7765	CDH5		0.6784	0.0000	0	-1	ISOLATED_BE		0	0
gridss26fb_257387o	3920	274	PROXIMITY-3921	false	false	false	NONE	NONE	-0.6034	6.9421	TRIB2	DPEP2;DUS2	0.1213	0.7836	18	48	COMPLEX_OTHER	TI_ONLY	0	1
unbalanced_19	3921	274	PROXIMITY-3920	false	false	false	NONE	NONE	-0.3192	6.9192	DPEP2;DUS2		0.7836	0.0000	48	-1	TI_ONLY		1	0
purple_143	3929	23		false	false	false	NONE	NONE	0.5159	1.1801	HYDIN;AC027281.1		0.0000	0.0000	0	-1	ISOLATED_BE		0	0
purple_144	3930	101		false	false	false	NONE	NONE	0.3469	0.9691	HYDIN;RP11-23E19.1		0.0000	0.0000	0	-1	ISOLATED_BE		0	0
gridss248fb_15069o	3937	212		false	false	false	NONE	NONE	0.9850	0.9850	ZFP1	ZFP1	0.7597	0.7597	0	0	DSB	DSB	0	0
gridss249fb_2518o	3945	214		true	true	false	NONE	NONE	0.2226	0.4839	WWOX	WWOX	0.1393	0.1707	0	1	ISOLATED_BE	ISOLATED_BE	0	0
gridss249bf_53o	3950	215		false	false	false	NONE	NONE	-0.1002	1.6696	PLCG2	PLCG2	0.6525	0.6525	0	0	SIMPLE_DUP	SIMPLE_DUP	0	0
gridss250fb_4240o	3965	216		false	false	false	NONE	NONE	0.6760	0.6760	NXN;RP11-676J12.7	NXN;RP11-676J12.7	0.6953	0.6953	0	0	DSB	DSB	0	0
gridss252fb_7763o	4012	217		false	false	false	NONE	NONE	0.6370	0.6370	KSR1;RP11-720N19.2	KSR1;RP11-720N19.2	0.7460	0.7460	0	0	DSB	DSB	0	0
gridss249fb_1355o	4028	213		false	false	false	NONE	NONE	1.6975	2.2000	MON1B	RP11-697E22.2	0.2742	0.6547	0	1	ISOLATED_BE	ISOLATED_BE	0	0
gridss254f_5814b	4035	218	PROXIMITY-4036	false	false	false	NONE	NONE	-0.2910	2.5898	RP5-1028K7.2		0.7774	0.0000	0	-1	DSB		0	0
gridss117fb_10633o	4036	218	PROXIMITY-4035	false	false	false	NONE	NONE	-0.1976	0.3028	RP11-367G18.1	RP5-1028K7.2	0.5122	0.7774	1	0	ISOLATED_BE	DSB	0	0
gridss26bb_3908o	4056	274	PROXIMITY-4057	false	false	false	NONE	NONE	-1.3180	6.8856	TRIB2	CRHR1;RP11-105N13.4	0.1213	0.5805	18	49	COMPLEX_OTHER	DSB	0	0
unbalanced_20	4057	274	PROXIMITY-4056	false	false	false	NONE	NONE	-1.1335	6.7535	CRHR1;RP11-105N13.4		0.5805	0.0000	49	-1	DSB		0	0
gridss11bb_197o	4070	220		false	false	false	NONE	NONE	0.6483	1.0328	SYT6	TTLL6	0.5291	0.7039	0	1	ISOLATED_BE	ISOLATED_BE	0	0
gridss256f_207b	4102	221	PROXIMITY-4103	false	false	false	NONE	NONE	-0.7526	3.1340	MRPS23	AC003088.1;RP4-718N17.2	0.7327	0.0000	0	-1	DSB		0	0
unbalanced_21	4103	221	PROXIMITY-4102	false	false	false	NONE	NONE	-2.1904	4.7704	MRPS23		0.7327	0.0000	0	-1	DSB		0	0
purple_145	4113	133		false	false	false	NONE	NONE	-0.4232	0.6172	RP11-453A12.1		0.0000	0.0000	0	-1	ISOLATED_BE		0	0
purple_146	4114	12		false	false	false	NONE	NONE	-0.4205	0.6205	CYB561;RP11-269G24.6		0.0000	0.0000	0	-1	ISOLATED_BE		0	0
gridss256fb_18057o	4119	222		false	false	false	NONE	NONE	-0.8079	2.2181			0.7474	0.7473	0	0	DSB	DSB	0	0
purple_147	4147	44		false	false	false	NONE	NONE	-0.4921	0.5581			0.0000	0.0000	0	-1	ISOLATED_BE		0	0
purple_148	4148	27		false	false	false	NONE	NONE	-0.3141	0.7801	SOX9-AS1;AC007461.2		0.0000	0.0000	0	-1	ISOLATED_BE		0	0
gridss258fb_1954o	4184	223		false	false	false	NONE	NONE	0.4690	0.4690	DNAH17	DNAH17	0.7513	0.7513	0	0	DSB	DSB	0	0
gridss203fb_8855o	4187	111		false	false	false	NONE	NONE	-0.1985	0.2557		CYTH1;USP36	0.0000	0.0000	0	1	ISOLATED_BE	ISOLATED_BE	0	0
gridss258fb_5674o	4193	224		false	false	false	NONE	NONE	-1.0129	2.0871			0.7621	0.7613	0	0	DSB	DSB	0	0
gridss258fb_9746o	4207	225		false	false	false	NONE	NONE	-1.0477	2.0095	AATK	AATK;MIR1250	0.7861	0.7861	0	0	DSB	DSB	0	0
gridss123bf_165o	4211	91		false	false	false	NONE	NONE	-0.0698	0.3252	RP1-137D17.1	AZI1	0.0000	0.0000	0	1	ISOLATED_BE	ISOLATED_BE	0	0
gridss258f_12334b	4220	226	PROXIMITY-4221	false	false	false	NONE	NONE	2.8260	10.9740	FOXK2;RP13-638C3.6		0.7736	0.0000	0	-1	TI_ONLY		1	0
unbalanced_22	4221	226	PROXIMITY-4220	false	false	false	NONE	NONE	-0.1706	13.5106	FOXK2;RP13-638C3.6		0.7736	0.0000	0	-1	TI_ONLY		1	0
gridss258f_13059b	4226	227	PROXIMITY-4227	false	false	false	NONE	NONE	-0.9129	3.3826	TBCD;RP11-567O16.1		0.7228	0.0000	0	-1	DSB		0	0
unbalanced_23	4227	227	PROXIMITY-4226	false	false	false	NONE	NONE	-2.2941	5.0341	TBCD;RP11-567O16.1		0.7228	0.0000	0	-1	DSB		0	0
gridss258f_16561b	4241	57		false	false	false	NONE	NONE	-0.1904	0.3296	MYOM1		0.0000	0.0000	0	-1	ISOLATED_BE		0	0
gridss259f_2758b	4251	228	PROXIMITY-4252	false	false	false	NONE	NONE	-0.4379	1.3872			0.6749	0.0000	0	-1	DSB		0	0
gridss259b_2748b	4252	228	PROXIMITY-4251	false	false	false	NONE	NONE	-0.2242	1.5588			0.6749	0.0000	0	-1	DSB		0	0
purple_149	4293	153		false	false	false	NONE	NONE	-0.2058	0.2135			0.0000	0.0000	0	-1	ISOLATED_BE		0	0
purple_150	4296	1		false	false	false	NONE	NONE	-0.1588	0.2708			0.0000	0.0000	0	-1	ISOLATED_BE		0	0
gridss49fb_7301o	4302	42		false	false	false	NONE	NONE	0.0000	0.2480	CNTN4		0.0000	0.0000	0	1	ISOLATED_BE	ISOLATED_BE	0	0
gridss265b_2312b	4333	72		false	false	false	NONE	NONE	-0.1777	0.3441			0.0000	0.0000	0	-1	ISOLATED_BE		0	0
gridss266fb_1920o	4347	229		false	false	false	NONE	NONE	1.5100	1.5100			0.1247	0.1247	0	0	DSB	DSB	0	0
gridss266fb_10247o	4375	230		false	false	false	NONE	NONE	0.6400	0.6400			0.8021	0.8021	0	0	DSB	DSB	0	0
gridss267fb_4741o	4398	231		false	false	false	NONE	NONE	0.5650	0.5650	ZNF121	ZNF121	0.5019	0.5019	0	0	DSB	DSB	0	0
purple_151	4411	232		false	false	false	NONE	NONE	-0.1676	0.2836	AD000091.2;CYP4F8		0.5521	0.0000	0	-1	ISOLATED_BE		0	0
purple_152	4416	233		false	false	false	NONE	NONE	-0.1848	0.2548			0.5969	0.0000	0	-1	ISOLATED_BE		0	0
gridss268b_8700b	4439	234	PROXIMITY-4440	false	false	false	NONE	NONE	-0.1320	2.4112	RP11-255H23.4		0.1927	0.0000	0	-1	DSB		0	0
unbalanced_24	4440	234	PROXIMITY-4439	false	false	false	NONE	NONE	-0.5214	2.8814	RP11-255H23.4		0.1927	0.0000	0	-1	DSB		0	0
gridss269fb_339o	4441	235		false	false	false	NONE	NONE	0.7530	0.7530			0.1564	0.1564	0	0	DSB	DSB	0	0
purple_153	4442	236	LOH-4445	false	false	false	NONE	NONE	-0.1735	0.2135	AC005307.3		0.1177	0.0000	0	-1	ISOLATED_BE		0	0
gridss269fb_1669o	4444	237		false	false	false	NONE	NONE	0.9240	0.9240			0.1437	0.1437	0	0	DSB	DSB	0	0
purple_154	4445	236	LOH-4442	false	false	false	NONE	NONE	-0.0358	0.3818	CTC-525D6.1		0.1969	0.0000	1	-1	ISOLATED_BE		0	0
gridss270fb_4401o	4458	239		false	false	false	NONE	NONE	0.7420	0.7420	FBXO27	FBXO27	0.6416	0.6416	0	0	DSB	DSB	0	0
gridss270fb_10493o	4460	240		false	false	false	NONE	NONE	0.8840	0.8840	PLAUR	PLAUR;AC006953.1	0.7815	0.7815	0	0	DSB	DSB	0	0
gridss271f_2639b	4466	241	PROXIMITY-4467	false	false	false	NONE	NONE	-0.3090	2.5219	MEIS3		0.7476	0.0000	0	-1	DSB		0	0
unbalanced_25	4467	241	PROXIMITY-4466	false	false	false	NONE	NONE	-0.7718	2.3878	MEIS3		0.7476	0.0000	0	-1	DSB		0	0
gridss271b_7421b	4472	242	PROXIMITY-4473	false	false	false	NONE	NONE	-0.0130	3.3014	CTD-2545M3.2;CTD-2545M3.8	RANBP10;KDM4A	0.6597	0.0000	0	-1	TI_ONLY		1	0
gridss271f_7442b	4473	242	PROXIMITY-4472	false	false	false	NONE	NONE	0.5789	4.0032	CTD-2545M3.8		0.6589	0.0000	0	-1	TI_ONLY		1	0
gridss271fb_8791o	4478	243		false	false	false	NONE	NONE	0.4149	0.7161	HCCAT3;ZNF350	ZNF701	0.3997	0.4250	0	1	ISOLATED_BE	ISOLATED_BE	0	0
gridss272fb_8155o	4507	440		false	false	false	NONE	NONE	1.3200	1.3200			0.7385	0.7385	0	0	DSB	DSB	0	0
gridss272fb_11857o	4512	441		false	false	false	NONE	NONE	-0.1810	1.5908			0.7494	0.7494	0	0	DSB	DSB	0	0
purple_155	4514	20		false	false	false	NONE	NONE	-0.1716	0.2656			0.0000	0.0000	0	-1	ISOLATED_BE		0	0
purple_156	4515	147		false	false	false	NONE	NONE	-0.1762	0.2602			0.0000	0.0000	0	-1	ISOLATED_BE		0	0
gridss206bb_199o	4528	71		false	false	false	NONE	NONE	-0.1411	0.5638	IFT81	TASP1	0.0000	0.0000	0	1	ISOLATED_BE	ISOLATED_BE	0	0
purple_157	4530	77		true	false	false	NONE	NONE	0.6855	1.1165	MACROD2		0.0000	0.0000	0	-1	ISOLATED_BE		0	0
purple_158	4531	33		true	false	false	NONE	NONE	0.6963	1.1297	MACROD2		0.0000	0.0000	0	-1	ISOLATED_BE		0	0
gridss274b_2025b	4538	442	PROXIMITY-4539	false	false	false	NONE	NONE	3.8862	11.2511	SLC24A3		0.3132	0.0000	0	-1	DSB		0	0
gridss274f_2083b	4539	442	PROXIMITY-4538	false	false	false	NONE	NONE	3.8616	11.2070	SLC24A3		0.3132	0.0000	0	-1	DSB		0	0
purple_159	4551	17		false	false	false	NONE	NONE	-0.0977	0.3297			0.0000	0.0000	0	-1	ISOLATED_BE		0	0
purple_160	4556	78		false	false	false	NONE	NONE	-0.1983	0.2643	C20orf203		0.0000	0.0000	0	-1	ISOLATED_BE		0	0
purple_161	4558	443		false	false	false	NONE	NONE	-0.2193	0.2385	SUN5		0.5772	0.0000	0	-1	ISOLATED_BE		0	0
gridss275fb_4191o	4559	444		false	false	false	NONE	NONE	0.4580	0.4580	RALY;RP5-1125A11.4	RALY;RP5-1125A11.4	0.6441	0.6441	0	0	DSB	DSB	0	0
purple_162	4562	64		false	false	false	NONE	NONE	-0.1955	0.2755	EDEM2		0.0000	0.0000	0	-1	ISOLATED_BE		0	0
purple_163	4564	120		false	false	false	NONE	NONE	-0.1215	0.3495	UQCC1		0.0000	0.0000	0	-1	ISOLATED_BE		0	0
gridss276fb_177o	4568	445		false	false	false	NONE	NONE	0.4670	0.4670	TGM2	TGM2	0.7873	0.7873	0	0	DSB	DSB	0	0
gridss276bb_289o	4580	87		false	false	false	NONE	NONE	-0.1125	0.1956			0.0000	0.0000	0	0	SAME_ORIENT	SAME_ORIENT	0	0
purple_164	4582	104		false	false	false	NONE	NONE	-0.1746	0.2746			0.0000	0.0000	0	-1	ISOLATED_BE		0	0
purple_165	4584	43		false	false	false	NONE	NONE	-0.1226	0.3266			0.0000	0.0000	0	-1	ISOLATED_BE		0	0
gridss278fb_5984o	4617	446		false	false	false	NONE	NONE	0.5380	0.5380	GATA5	GATA5	0.7180	0.7180	0	0	DSB	DSB	0	0
gridss279fb_653o	4636	453		false	false	false	NONE	NONE	0.5740	0.5740	TPTE	TPTE	0.1988	0.1988	0	0	DSB	DSB	0	0
gridss279b_1208b	4638	454		false	false	false	NONE	NONE	-0.1010	0.5230	BAGE2	CTBP2P1	0.2509	0.0000	0	-1	ISOLATED_BE		0	0
gridss281b_1812b	4656	455	PROXIMITY-4657	false	false	false	NONE	NONE	-0.2861	1.6453	AP000233.3	PRLR	0.2154	0.0000	0	-1	DSB		0	0
gridss281f_1801b	4657	455	PROXIMITY-4656	false	false	false	NONE	NONE	-0.4414	1.4994	AP000233.3	RP11-368L12.1	0.2154	0.0000	0	-1	DSB		0	0
gridss281b_6564b	4665	456	PROXIMITY-4666	false	false	false	NONE	SUSPECT	-0.4963	1.2425	HUNK;HUNK-AS1	CPED1;LINC-PINT;ITGA7;BLOC1S1;RP11-644F5.10;SND1	0.4219	0.0000	0	-1	DSB		0	0
gridss281f_6350b	4666	456	PROXIMITY-4665	false	false	false	NONE	SUSPECT	-0.3306	1.5831	HUNK;HUNK-AS1	CPED1	0.4219	0.0000	0	-1	DSB		0	0
gridss282f_662b	4668	24		false	false	false	NONE	NONE	-0.2515	0.3208	C21orf49		0.0000	0.0000	0	-1	ISOLATED_BE		0	0
purple_166	4672	19		false	false	false	NONE	NONE	-0.1606	0.2926	HLCS;AP000704.5		0.0000	0.0000	0	-1	ISOLATED_BE		0	0
purple_167	4673	139		false	false	false	NONE	NONE	-0.1236	0.3296	DSCR3		0.0000	0.0000	0	-1	ISOLATED_BE		0	0
gridss283b_1408b	4692	457	PROXIMITY-4693	false	false	false	NONE	NONE	0.2190	3.3558	LINC00313		0.7800	0.0000	0	-1	DSB		0	0
unbalanced_26	4693	457	PROXIMITY-4692	false	false	false	NONE	NONE	-0.7028	3.0828	LINC00313		0.7800	0.0000	0	-1	DSB		0	0
purple_168	4753	16		false	false	false	NONE	NONE	-0.1735	0.2895	FAM227A		0.0000	0.0000	0	-1	ISOLATED_BE		0	0
purple_169	4755	4		false	false	false	NONE	NONE	-0.2105	0.2525			0.0000	0.0000	0	-1	ISOLATED_BE		0	0
gridss26bb_3907o	4760	274	PROXIMITY-4761;MAJOR_ALLELE_JCN-426	false	false	false	NONE	NONE	0.0965	6.5595	TRIB2	DESI1;XRCC6	0.1213	0.7717	18	0	COMPLEX_OTHER	TI_ONLY	0	1
unbalanced_27	4761	274	PROXIMITY-4760	false	false	false	NONE	NONE	0.2445	6.4155	DESI1;XRCC6		0.7717	0.0000	0	-1	TI_ONLY		1	0
gridss287fb_13452o	4770	165		false	false	false	NONE	NONE	0.9890	0.9890	PARVB	PARVB	0.6421	0.6421	0	0	DSB	DSB	0	0
gridss288fb_1513o	4779	166		false	false	false	NONE	NONE	0.8340	0.8340	ATXN10	ATXN10	0.7643	0.7643	0	0	DSB	DSB	0	0
gridss288bf_50o	4787	167		false	false	false	NONE	NONE	-0.2184	1.5317	TBC1D22A	TBC1D22A	0.5466	0.5466	0	0	SIMPLE_DUP	SIMPLE_DUP	0	0
gridss288fb_7367o	4805	168		false	false	false	NONE	NONE	0.7170	0.7170	ZBED4	ZBED4	0.7684	0.7684	0	0	DSB	DSB	0	0
gridss289bf_32o	4834	429		false	false	false	NONE	NONE	-0.3063	1.3188			0.3329	0.3329	0	0	SIMPLE_DUP	SIMPLE_DUP	0	0
gridss298bb_186o	4871	430	TI_JCN_MATCH-4872	false	false	true	NONE	NONE	0.2623	0.7160	LL0XNC01-116E7.1;LL0XNC01-116E7.2;TMSB15B;LL0XNC01-116E7.4	H2BFM	0.4819	0.4174	0	0	FOLDBACK	FOLDBACK	0	0
purple_170	4872	430	TI_JCN_MATCH-4871	false	false	false	NONE	NONE	0.6007	1.1073			0.3997	0.0000	1	-1	ISOLATED_BE		0	0
gridss300fb_4691o	4881	432		false	false	false	NONE	NONE	0.3790	0.3790			0.5422	0.5422	0	0	DSB	DSB	0	0
